Time,Longitude,Latitude,Altitude,Roll,Pitch,Heading
502.142,32.98382642,40.11404908,3110.77872,-0.5197902024,0.4720413638,35.24562368
503.142,32.98382642,40.11404908,3110.778711,-0.5186256552,0.4727363889,35.24560661
504.142,32.98382642,40.11404908,3110.778716,-0.5190457118,0.4724017097,35.24562368
505.142,32.98382642,40.11404908,3110.778709,-0.5186820576,0.4731582065,35.24561344
506.142,32.98382642,40.11404908,3110.778716,-0.519086693,0.4725297757,35.24562368
507.142,32.98382642,40.11404908,3110.778712,-0.5186460924,0.4726783857,35.24560661
508.142,32.98382642,40.11404908,3110.778714,-0.5189295452,0.4727227819,35.24561344
509.142,32.98382642,40.11404908,3110.778712,-0.5188647118,0.4727124833,35.24559978
510.142,32.98382642,40.11404908,3110.778716,-0.5191020609,0.4725656876,35.24562368
511.142,32.98382642,40.11404908,3110.778712,-0.5187845104,0.4726714488,35.24561685
512.142,32.98382642,40.11404908,3110.778713,-0.5189347212,0.4729652536,35.24561344
513.142,32.98382642,40.11404908,3110.778713,-0.5188628975,0.4726544267,35.24560319
514.142,32.98382642,40.11404908,3110.778716,-0.5193530703,0.4727278512,35.24564759
515.142,32.98382642,40.11404908,3110.778719,-0.5186307245,0.4722138794,35.24563734
516.142,32.98382642,40.11404908,3110.778715,-0.5189995547,0.4727586404,35.24561344
517.142,32.98382642,40.11404908,3110.778713,-0.5188492905,0.4724103007,35.24559978
518.142,32.98382642,40.11404908,3110.778715,-0.5192761773,0.4728507946,35.24560661
519.142,32.98382642,40.11404908,3110.778722,-0.5190388816,0.4723112096,35.24561685
520.142,32.98382642,40.11404908,3110.778714,-0.5191737779,0.4728900682,35.24559978
521.142,32.98382642,40.11404908,3110.778712,-0.518999608,0.4729720304,35.2455827
522.142,32.98382642,40.11404908,3110.778716,-0.5192488566,0.4726714488,35.24561002
523.142,32.98382642,40.11404908,3110.778713,-0.5190200986,0.4727551719,35.24559978
524.142,32.98382642,40.11404908,3110.778717,-0.5191669477,0.4725486121,35.24559978
525.142,32.98382642,40.11404908,3110.778712,-0.5189260768,0.4728781687,35.24558953
526.142,32.98382642,40.11404908,3110.778715,-0.5191498722,0.4726578417,35.24561002
527.142,32.98382642,40.11404908,3110.778715,-0.5193187593,0.4726612568,35.24559978
528.142,32.98382642,40.11404908,3110.778715,-0.5193053124,0.4728883606,35.24560661
529.142,32.98382642,40.11404908,3110.778701,-0.5191211641,0.4765682318,35.245651
530.142,32.98382642,40.11404908,3110.778718,-0.519182369,0.4724956248,35.24561002
531.142,32.98382642,40.11404908,3110.778714,-0.5191549948,0.4727279045,35.24561002
532.142,32.98382642,40.11404908,3110.778711,-0.5192421331,0.4726236908,35.24561344
533.142,32.98382642,40.11404908,3110.778712,-0.5189176991,0.4729139738,35.24559636
534.142,32.98382642,40.11404908,3110.778717,-0.5192556868,0.4727449267,35.24561002
535.142,32.98382642,40.11404908,3110.778715,-0.5191993911,0.4727568795,35.24559978
536.142,32.98382642,40.11404908,3110.778711,-0.519305259,0.4727705932,35.24560319
537.142,32.98382642,40.11404908,3110.778714,-0.5189996614,0.472864455,35.24559978
538.142,32.98382642,40.11404908,3110.778717,-0.5192540326,0.4727158984,35.24559978
539.142,32.98382642,40.11404908,3110.778719,-0.5191856773,0.472702238,35.24560661
540.142,32.98382582,40.11404948,3110.951891,-0.9579856844,0.3073531766,36.33080072
541.142,32.98382087,40.11405407,3112.219962,-8.720099952,0.05531941631,38.98944161
542.142,32.98381332,40.11406375,3113.670024,-8.54610259,-2.079608827,18.49425177
543.142,32.98379006,40.11408536,3114.4632,-7.046450035,-2.752523333,359.8404022
544.142,32.98373796,40.11411473,3115.155508,-5.994365261,-0.1569750227,6.40260396
545.142,32.98367052,40.11415091,3117.475339,-3.128891089,-4.61022956,18.77696867
546.142,32.98360713,40.11419686,3123.252956,-4.909090037,-7.66774624,8.463219952
547.167,32.98355416,40.11425309,3129.133979,3.398258809,-5.531010777,337.756652
548.142,32.98347189,40.11433217,3136.244831,-5.771585835,-3.696666999,322.9592111
549.142,32.98337079,40.11440128,3141.638253,-10.13905297,0.54569076,328.8746194
550.142,32.98325485,40.11446711,3146.691976,-4.963915111,0.7828049926,324.0527244
551.142,32.98312464,40.11453072,3151.593078,0.228777373,-6.596106634,321.1016456
552.142,32.9829813,40.11460062,3154.681759,-3.796174744,-7.322985611,317.3089508
553.142,32.98281908,40.11467432,3156.051292,-4.441979376,-1.962370765,315.3098364
554.142,32.98264392,40.11474876,3158.558512,3.678444054,-0.6679359383,313.0351102
555.142,32.98246347,40.11482801,3162.892561,2.154834823,-6.143774368,312.9627375
556.142,32.9822734,40.11491669,3167.350578,-2.659152513,-5.976642201,308.8241346
557.142,32.9820668,40.11500825,3172.0565,-2.758152263,-0.1964058915,304.1899059
558.142,32.98184557,40.11509382,3179.060822,-1.095745691,0.6646845015,311.5730672
559.142,32.98162062,40.11518132,3187.917197,-3.490820039,-0.8450189446,307.9227682
560.142,32.98138388,40.1152651,3197.364583,-0.3182789446,-0.2259739806,309.7771373
561.142,32.98114057,40.11535123,3208.150408,4.684101044,-1.86513982,309.7430137
562.142,32.98089439,40.115445,3221.461354,3.409284442,0.7913026017,308.4713964
563.142,32.98064485,40.11554084,3237.747333,-0.3355452626,4.517031629,313.2131049
564.142,32.98039894,40.11563666,3256.787212,-2.380885697,5.759881025,306.5986131
565.142,32.98014886,40.11572324,3276.930512,-1.748852755,3.229098289,308.8721645
566.142,32.97989499,40.11580725,3296.379513,-1.566283399,-0.4982173701,308.2289793
567.142,32.97963242,40.1158915,3313.615549,-2.339001269,-1.652152858,305.3277881
568.142,32.97935727,40.11597476,3328.619822,-1.835705974,-0.9427264015,304.6650412
569.142,32.97907105,40.11605825,3342.252298,0.2438353788,-1.89667331,304.391861
570.142,32.9787753,40.11614476,3355.053306,0.8652333697,-1.676936519,303.1731913
571.142,32.97847278,40.11623377,3367.33566,1.410177184,-1.245945179,303.330996
572.142,32.9781573,40.11632854,3379.74491,2.153077544,-1.878371818,303.5636049
573.142,32.97783647,40.11642814,3391.548819,2.22800045,-2.762565206,303.7012742
574.142,32.9775065,40.11653396,3402.394341,1.683651556,-3.04500484,304.1865455
575.142,32.9771662,40.11664624,3412.000924,1.262245319,-4.035488351,304.7229339
576.142,32.97681458,40.11676523,3420.356898,1.036207465,-3.408758304,304.5081654
577.142,32.97645144,40.1168907,3427.846326,2.195407214,-3.978975366,304.6586755
578.142,32.97607866,40.11702353,3434.540819,2.640838215,-2.814093433,305.1555308
579.142,32.97570049,40.11716351,3441.731891,3.126832428,-0.1409854965,305.1498754
580.142,32.97532089,40.11730865,3450.985998,2.471487089,0.6376010939,305.7934704
581.142,32.97494062,40.11745768,3461.593456,1.380298522,-0.5429671687,306.5315407
582.142,32.97455719,40.11761054,3471.711133,0.8357271125,-1.710236146,306.5307484
583.142,32.97416868,40.11776761,3480.702228,2.150849408,-1.316626325,306.2065876
584.142,32.97377596,40.11792939,3489.174293,1.619658873,-1.072310031,306.0414883
585.142,32.97337895,40.11809508,3497.330271,0.4538166048,-0.9975568122,306.1421652
586.142,32.97297708,40.11826339,3505.422964,0.2399620746,-0.2016515035,306.1869713
587.142,32.9725711,40.11843351,3513.529668,0.3059731849,-0.2599544919,306.2183355
588.142,32.97216119,40.11860546,3521.377954,0.1374210182,-0.7297571544,306.2767473
589.142,32.97174666,40.11877951,3528.486651,-0.1080954743,-1.090936064,306.2877029
590.142,32.97132682,40.11895583,3534.681794,-0.3995478704,-1.31297132,305.9375055
591.142,32.9709008,40.11913399,3539.984854,-0.8774491096,-1.394556755,305.829889
592.142,32.97046828,40.11931374,3544.543802,-1.304661968,-1.399930193,304.8854378
593.142,32.97002833,40.11949391,3548.58787,-0.3398328071,-1.496423797,304.8703294
594.142,32.96958227,40.1196762,3552.226624,1.68265104,-1.79278848,304.7077709
595.142,32.96913171,40.11986294,3555.491012,3.474779339,-1.841170552,304.8626249
596.142,32.96867856,40.1200561,3558.764765,3.788890348,-1.495438222,305.6755267
597.142,32.96822424,40.12025632,3562.233507,2.645023199,-1.348745289,306.1165384
598.142,32.96776767,40.12046183,3565.747173,0.6822342457,-1.041024243,306.7759248
599.142,32.96730733,40.12067068,3568.91631,-0.892428675,-1.579595971,307.0422476
600.142,32.9668412,40.12088141,3571.356068,-1.475539213,-1.270700239,306.5688335
601.142,32.96636891,40.12109277,3573.854734,-0.299793758,-0.5111746659,306.2685237
602.142,32.96589208,40.12130503,3576.775196,-0.5722288197,-0.9481451961,306.1753053
603.142,32.96541045,40.12151825,3579.696732,-1.425943182,-0.8575196315,306.0721695
604.142,32.96492328,40.12173179,3582.254768,-2.183627699,-1.018595289,305.4270444
605.142,32.9644297,40.12194465,3584.623155,-1.892245853,-0.7040633702,305.0980479
606.142,32.9639307,40.12215697,3587.367562,-0.9656913117,-0.04114847799,304.4629223
607.142,32.96342775,40.12236884,3590.891062,-0.7251426146,-0.2414973997,304.5575614
608.142,32.96292109,40.12258129,3594.134669,-1.59953372,-1.410656899,304.0931905
609.142,32.9624084,40.12279397,3596.171699,-1.368975883,-1.163298716,304.0902671
610.142,32.96189028,40.1230074,3597.649722,-0.3969748101,-0.8502582333,303.5767735
611.142,32.96136766,40.12322197,3599.010522,0.2459885959,-1.13421513,303.8034811
612.142,32.96084155,40.12343901,3600.32242,0.2898442001,-0.9282171587,303.4962046
613.142,32.96031154,40.123658,3601.369585,-0.545719895,-1.32198258,303.6831332
614.142,32.95977715,40.12387831,3602.430942,-1.387465738,-0.3864379093,303.0471606
615.142,32.95923787,40.12409815,3603.534927,-1.84574998,-1.425508398,303.0164794
616.142,32.95869243,40.12431793,3603.47774,-2.67908578,-2.34515463,302.4029645
617.142,32.95813875,40.12453714,3601.946588,-2.425115227,-1.718939835,302.0883114
618.142,32.95757792,40.12475582,3600.244336,-1.307287001,-1.064289255,301.4011397
619.142,32.95701194,40.12497416,3599.65227,-0.2420852762,-0.3256942088,301.3343951
620.142,32.9564428,40.12519317,3600.027541,-0.5021951549,-1.01869358,301.2867204
621.142,32.95587,40.125413,3600.674194,-0.8792274668,-0.4706292222,301.1476031
622.142,32.95529382,40.12563318,3601.768487,-0.1756413561,-0.1974611158,301.0668702
623.142,32.95471507,40.12585424,3603.091664,0.05280966863,-0.9461036098,301.026217
624.142,32.95413308,40.12607687,3603.864737,0.002980158819,-1.019800177,301.1178508
625.142,32.95354766,40.12630138,3604.033533,0.03794732707,-0.98035338,301.1459638
626.142,32.95295884,40.12652766,3603.821479,-0.2970952196,-1.057680513,301.2067252
627.142,32.95236633,40.12675546,3603.231171,-0.7132510418,-1.079390803,301.1965345
628.142,32.95176976,40.12698434,3602.312122,-0.8990317604,-1.018100954,301.1177961
629.142,32.95116915,40.12721402,3601.349477,-0.7351381696,-0.7522396292,300.9832414
630.142,32.95056499,40.12744432,3600.691195,-0.5456994578,-0.6254357265,301.1491604
631.142,32.94995769,40.12767595,3599.831952,-0.1404642277,-1.515794,301.1954417
632.142,32.94934626,40.12791008,3597.468943,0.2002288898,-2.328496652,301.2837424
633.142,32.94873083,40.1281472,3593.980431,0.6789713896,-1.532825077,301.5508848
634.142,32.94811467,40.12838741,3590.109473,1.769319096,-2.444856608,301.8694994
635.142,32.94749797,40.12863199,3585.289811,1.756940232,-3.040476852,302.3771737
636.142,32.94687985,40.12888163,3578.64077,0.7790853676,-3.647045248,302.7354581
637.142,32.9462591,40.1291353,3571.110695,-0.2315673719,-2.335143493,303.1016656
638.142,32.94563621,40.12939169,3564.013471,-0.4890443727,-2.038186078,302.9791593
639.142,32.94501155,40.12964945,3558.306865,-0.5906037361,-1.265755716,303.2077794
640.142,32.94438655,40.1299081,3554.60099,-0.2316465594,-0.4943393168,303.1425374
641.142,32.94376248,40.13016739,3552.765095,0.1560509595,-0.45361981,303.3446017
642.142,32.9431403,40.13042764,3552.583303,0.4165449562,0.2469787066,303.4557426
643.142,32.94252115,40.13068879,3553.995272,1.096338103,0.2267696709,303.8592975
644.142,32.94190521,40.13095194,3555.258618,1.130884666,-1.599412698,304.2446567
645.142,32.94129043,40.13121823,3554.586081,0.7110090322,-1.794906906,304.5158426
646.142,32.94067631,40.13148744,3553.229926,0.88671186,-0.04283553805,304.5789535
647.142,32.94006489,40.13175823,3553.604157,0.6212977525,0.5494663605,304.9917975
648.142,32.93945699,40.13202977,3555.511529,-0.9260584987,0.01029821772,305.1530992
649.142,32.93885075,40.13230048,3558.102775,-2.022219657,0.8409937753,305.0066326
650.142,32.93824524,40.13256837,3561.258303,-4.022176313,0.5286760651,304.8647013
651.142,32.93763879,40.13283167,3564.533215,-4.290036695,0.8786203803,304.257798
652.142,32.93703111,40.13308963,3568.186771,-2.512784334,0.859831864,303.8709634
653.142,32.93642389,40.13334436,3571.917537,-0.6654597279,-0.007957170383,303.6304588
654.142,32.93581815,40.1335985,3575.594339,0.9722331388,0.7864628257,303.6540366
655.142,32.93521609,40.13385392,3580.212559,2.640837147,1.169549513,303.9269163
656.142,32.93461696,40.1341129,3584.77307,1.622521576,-0.54514776,304.550376
657.142,32.93401887,40.13437514,3587.520811,-0.5524331172,-1.000337126,305.0809724
658.142,32.93342134,40.13463898,3588.675074,0.4656646352,-0.6698825956,304.9282767
659.142,32.93282486,40.1349045,3589.302831,1.672665303,-0.8135932976,305.246946
660.142,32.93223086,40.13517314,3590.006962,2.227559049,-0.5242294519,305.5998482
661.142,32.9316397,40.13544531,3590.483876,1.136384569,-1.381023803,306.2634967
662.142,32.93104983,40.13572049,3590.096429,-0.8652031141,-1.151010352,306.3312249
663.142,32.93045916,40.13599641,3589.08965,-1.692664417,-0.9163038147,306.4453437
664.142,32.92986704,40.136272,3587.625831,-1.618603182,-1.652495861,306.3361426
665.142,32.92927283,40.1365479,3585.249569,-0.7051215159,-1.484641081,306.0048238
666.142,32.92867765,40.13682438,3583.69755,0.9778845868,0.2113009066,306.1888564
667.142,32.92808599,40.13710239,3584.92445,3.069998423,0.8381572725,306.5066241
668.142,32.9275011,40.13738391,3588.390675,4.93057397,0.1135861259,307.3777738
669.142,32.92692417,40.13767183,3592.579662,6.519493256,-0.1405261529,308.2633488
670.142,32.92635469,40.13796864,3596.328075,7.057998177,-0.5002869708,309.5846899
671.142,32.9257941,40.13827505,3600.051136,7.174954067,-0.0595797468,311.3677517
672.142,32.92524324,40.13859158,3603.934113,7.75001843,-0.6115457898,312.9677645
673.142,32.92470287,40.13891901,3607.528442,8.536524958,-0.890147712,314.423551
674.142,32.9241747,40.13925769,3610.956528,9.995539596,-0.9312450669,316.750296
675.142,32.92366175,40.13960998,3614.369871,11.96985444,-1.220059403,318.3785311
676.142,32.92316663,40.139977,3617.45213,13.79160164,-1.864114865,320.7654363
677.142,32.92269307,40.14036047,3620.397373,15.20763646,-1.205373002,323.6606169
678.142,32.9222452,40.14076151,3623.868431,17.32050425,-1.596816266,327.0402492
679.142,32.9218273,40.14118152,3627.348092,18.142287,-1.900601095,329.9170975
680.142,32.92144245,40.14161948,3631.140677,18.61424795,-1.050886929,333.6965964
681.142,32.92109352,40.14207459,3635.61244,19.09394238,-1.131159688,337.0821299
682.142,32.92078162,40.14254542,3640.137832,19.22987339,-1.621339633,340.5420578
683.142,32.92050798,40.14303022,3644.196154,19.45123982,-1.498958545,344.1324424
684.142,32.9202744,40.14352715,3648.010641,19.79556332,-1.377404443,347.7676876
685.142,32.92008239,40.14403453,3651.630989,20.00003357,-1.609552754,351.3927969
686.142,32.91993314,40.14455032,3654.926614,20.19464786,-1.675281052,355.0882024
687.142,32.91982785,40.14507247,3657.986376,20.39909762,-1.526810028,358.8324028
688.142,32.91976773,40.14559881,3661.198547,20.4107465,-1.092319284,2.560777512
689.142,32.9197532,40.14612675,3664.929831,20.36958949,-1.079363482,6.458079183
690.142,32.91978447,40.14665377,3669.141491,20.26534885,-0.8652350772,10.15979625
691.142,32.91986114,40.14717716,3674.180674,20.14548928,-0.1676182317,14.14987836
692.142,32.91998315,40.14769351,3680.562452,20.70075292,0.09392879482,18.00917686
693.142,32.92015038,40.1481998,3688.15549,21.37216735,0.1496820615,21.88781931
694.142,32.92036264,40.14869339,3696.524665,22.08000546,0.2361442123,25.93750677
695.142,32.92061977,40.14917129,3705.495466,22.83113844,0.4239741743,30.16741219
696.142,32.92092128,40.14963034,3714.898446,23.67609431,0.1497435199,34.48383219
697.142,32.92126635,40.15006807,3723.957557,24.48300433,-0.4912895839,38.6996162
698.142,32.921654,40.15048256,3731.924134,25.24205862,-1.011726467,43.22557616
699.142,32.92208345,40.15087116,3738.516692,26.03261374,-1.503654406,47.85302249
700.142,32.92255348,40.15123114,3743.584642,26.14740361,-2.083397021,52.61438835
701.142,32.92306187,40.15156038,3746.999518,25.76634906,-2.556446745,57.41986356
702.142,32.92360565,40.15185721,3748.858341,25.3440026,-2.881061517,62.17360009
703.142,32.92418153,40.15212008,3749.424964,24.88903346,-3.12333345,66.88087767
704.142,32.92478602,40.15234759,3748.997673,24.25752612,-3.178574526,71.51997631
705.142,32.92541506,40.15253873,3747.968577,23.26486399,-3.031000818,76.133974
706.142,32.92606407,40.15269363,3746.695478,20.71830651,-2.826624909,80.42251317
707.142,32.92672827,40.15281483,3745.535115,17.689816,-2.355298314,84.28310685
708.142,32.9274031,40.15290624,3745.080834,13.89478104,-1.54653284,87.53407199
709.142,32.92808441,40.15297331,3745.906682,9.589209934,-0.7267494166,90.10317934
710.142,32.92876941,40.15302272,3747.756814,5.498328749,-0.8723657947,91.76508731
711.142,32.92945663,40.15306089,3749.535723,2.277435225,-0.6321827795,92.25190221
712.142,32.93014345,40.15309271,3752.106025,2.209727133,0.627144181,92.7081247
713.142,32.9308313,40.15311913,3754.002015,3.262512214,-2.03917859,93.12307918
714.142,32.93152102,40.15313876,3755.178058,5.141078266,-0.0478156064,93.80243712
715.142,32.93220934,40.15314851,3757.991369,8.096289384,0.8867932887,95.1837131
716.142,32.93289606,40.15314413,3762.347917,10.30224412,-0.6985159759,96.60742505
717.142,32.93358357,40.15312302,3765.555089,11.92064634,-2.117615629,98.45730666
718.142,32.9342708,40.15308261,3766.965405,13.3319265,-1.831673388,100.6874522
719.142,32.93495529,40.15302053,3767.631879,13.56056281,-1.602412752,103.1261303
720.142,32.9356353,40.15293634,3768.13587,12.37916292,-1.794929318,105.6138832
721.142,32.93631044,40.1528316,3768.176171,11.30467256,-2.097850769,107.868515
722.142,32.93698084,40.15270801,3767.444283,10.21640657,-2.241795084,109.7681068
723.142,32.93764703,40.15256773,3765.732787,8.020286454,-2.604829884,111.6062882
724.142,32.93831027,40.15241351,3762.759988,5.444528203,-2.74109045,113.0035537
725.142,32.93897217,40.15224879,3758.708147,2.921681719,-2.549557005,114.0879555
726.142,32.93963434,40.15207683,3753.40483,0.6359283379,-3.259286231,114.7306353
727.142,32.94029913,40.15190018,3746.289385,-0.5918696156,-3.554118817,115.0280764
728.142,32.94096803,40.15172034,3737.608473,-0.8306213327,-3.370152581,115.1142324
729.142,32.94164101,40.15153788,3728.525754,-0.5187783206,-2.74969841,115.1425777
730.142,32.942317,40.15135288,3720.136994,-0.14956915,-2.255514587,115.334547
731.142,32.9429946,40.15116512,3713.012728,0.4316124869,-1.941436022,115.633518
732.142,32.94367284,40.15097378,3706.644098,1.139619091,-2.305528433,115.9624053
733.142,32.94435106,40.15077789,3700.974017,2.300887533,-1.515014292,116.4404229
734.142,32.94502744,40.15057605,3696.223957,3.749908751,-1.849526435,117.0557137
735.142,32.94570101,40.1503666,3691.770886,4.301268941,-2.23355937,117.9550447
736.142,32.94637152,40.15014844,3687.059109,4.560133538,-2.101841307,118.8699895
737.142,32.9470384,40.14992131,3682.381797,4.261374233,-1.833489577,119.7280389
738.142,32.94770149,40.14968599,3677.942008,3.153462481,-1.798025528,120.6174524
739.142,32.94836127,40.14944368,3673.663322,2.429155284,-1.576088883,121.1371206
740.142,32.94901845,40.14919576,3669.35801,1.849282896,-1.945711507,121.9232617
741.142,32.94967367,40.14894248,3664.493918,1.325146452,-1.912941753,122.0430085
742.142,32.95032755,40.14868494,3659.759302,1.693876882,-1.126548243,122.7707242
743.142,32.95097848,40.14842302,3656.019716,1.612506171,-1.096540981,123.0782467
744.142,32.95162669,40.14815705,3652.48468,1.393791454,-1.811867973,123.6976492
745.142,32.95227317,40.14788662,3647.843809,1.160769305,-2.459238639,124.120233
746.142,32.95291907,40.14761158,3641.591413,0.9580760777,-2.59177227,124.4943771
747.142,32.95356489,40.14733207,3634.185573,0.822753435,-2.682238339,124.9634745
748.142,32.95421064,40.1470481,3626.123333,0.5375669437,-2.444889265,125.1630799
749.142,32.95485642,40.14676033,3618.240313,0.2491658612,-1.836728581,125.5490949
750.142,32.95550152,40.14646947,3611.29441,-0.03458023725,-1.546373504,125.7727836
751.142,32.95614579,40.14617622,3605.280501,-0.3742117106,-1.437945105,126.0507313
752.142,32.95678938,40.14588096,3599.585706,-0.6470237134,-1.750778121,126.2568254
753.142,32.95743291,40.14558379,3593.578723,-0.9801566919,-1.797618064,126.348227
754.142,32.95807681,40.14528527,3587.643381,-1.344390617,-1.192078572,126.4331673
755.142,32.95872071,40.14498619,3582.417853,-1.58409237,-0.9927544422,126.4277441
756.142,32.9593644,40.14468711,3578.135201,-1.249368598,-0.5643927785,126.3942352
757.142,32.96000682,40.14438814,3575.369642,-0.2779302958,0.08663414611,126.4842707
758.142,32.96064628,40.14408859,3573.991024,0.3341417921,-0.3729224323,126.7917932
759.142,32.96128242,40.14378734,3572.870373,0.6316579755,-0.7733135909,127.1118285
760.142,32.96191548,40.14348359,3571.323831,1.02908123,-0.7947794881,127.4311262
761.142,32.96254504,40.14317697,3569.787619,1.411289331,-0.449251744,127.845063
762.142,32.96317068,40.14286725,3568.068459,0.8434082472,-1.338920702,128.3599636
763.142,32.96379349,40.14255437,3565.572232,0.2963078802,-1.094059488,128.5961789
764.142,32.96441399,40.14223925,3563.211641,0.3369741862,-0.1661889879,128.8608077
765.142,32.96503124,40.1419225,3561.686663,0.3092536233,-0.569636923,129.1743817
766.142,32.96564554,40.14160405,3560.332835,-0.04528847309,-0.7944720229,129.4621649
767.142,32.96625763,40.14128395,3558.618906,-0.2740803369,-0.7696674972,129.6416077
768.142,32.96686778,40.14096265,3556.978593,-0.4323782152,-0.3036801356,129.7732254
769.142,32.96747536,40.14064055,3556.190418,0.5487079961,0.1374081716,129.9440211
770.142,32.96807883,40.1403172,3556.610123,1.540448742,0.1321967106,130.3387514
771.142,32.96867706,40.13999159,3557.746359,1.648360075,-0.1057928534,130.8154849
772.142,32.96927007,40.13966324,3558.966986,1.675368884,-0.1691293844,131.2750884
773.142,32.96985788,40.13933216,3560.37568,1.704125048,0.209822184,131.7099119
774.142,32.97044004,40.13899865,3562.373107,1.760920739,0.3295891776,132.217272
775.142,32.97101629,40.13866283,3564.903522,1.471729889,0.4113328549,132.5804331
776.142,32.97158687,40.13832548,3568.349101,0.8094643948,1.217502671,133.0274554
777.142,32.97215145,40.13798816,3573.491688,-0.07087862059,1.912341977,133.2326479
778.142,32.97271059,40.13765228,3579.906259,-0.9172969669,1.581075348,133.2941743
779.142,32.9732655,40.13731897,3587.363368,-1.120478126,2.470252746,133.1787441
780.142,32.97381572,40.13698889,3595.959841,-0.1981095302,2.60180966,133.0435746
781.142,32.97436009,40.13666155,3604.660027,0.3558578984,2.028516878,133.5292011
782.142,32.9748987,40.13633445,3610.117639,0.6416172985,-0.9800759036,133.6375962
783.142,32.97543453,40.13600565,3610.829125,-0.134458397,-1.243734866,133.7244762
784.142,32.97596909,40.13567531,3608.5241,-0.6373409597,-0.3681429274,133.8182137
785.142,32.97650209,40.13534496,3606.089459,-1.304024092,0.5052065746,133.7273722
786.142,32.97703329,40.13501645,3604.989897,-2.053191363,1.088999171,133.6602451
787.142,32.97756281,40.13469126,3605.434707,-2.86841222,1.468870067,133.3426549
788.142,32.97809127,40.13437095,3607.429642,-3.649989486,2.28693239,133.0190816
789.142,32.97861834,40.13405671,3611.013026,-2.910458865,2.453308114,132.6024947
790.142,32.97914301,40.13374842,3616.035685,-1.567393091,2.795301662,132.7034449
791.142,32.97966237,40.13344439,3622.468827,0.2793342732,3.670425412,132.4108532
792.142,32.98017329,40.13314435,3631.111948,0.760583986,4.611382581,132.8841717
793.142,32.98067392,40.13284767,3640.767969,0.4812142545,3.453173103,133.3234348
794.142,32.98116621,40.13255322,3648.493309,-0.3699481784,2.265403847,133.4830017
795.142,32.98165263,40.13226109,3653.874645,-1.772819889,3.053893051,133.2957862
796.142,32.98213447,40.13197362,3658.470559,-2.522770497,3.250665038,133.8113972
797.142,32.98261159,40.13169088,3662.300555,-2.001922042,2.34487758,133.2993242
798.142,32.98308456,40.13141238,3665.156008,0.01091758214,2.983446053,133.4175138
799.142,32.98355028,40.13113611,3667.157376,2.319414848,2.561014221,133.9447771
800.142,32.98400705,40.1308594,3667.905617,1.326572361,1.234346557,134.4125221
801.142,32.98445677,40.13058333,3668.055779,-1.465800964,3.704149471,134.5752172
802.142,32.98489935,40.13031212,3670.005561,-0.839449619,5.429842442,134.3574708
803.142,32.98533223,40.13004777,3674.541912,-0.5559198754,6.112550159,134.5353153
804.142,32.98575411,40.12979063,3680.973743,-0.5220782625,5.940850302,134.9766821
805.142,32.98616568,40.12954016,3687.842652,-0.5311383483,5.266251301,135.8341713
806.142,32.98656778,40.12929557,3694.505553,0.6596665002,5.291805173,137.7244672
807.142,32.98695822,40.12905452,3700.72759,2.586943753,4.506357324,138.4086472
808.142,32.98733653,40.12881539,3706.242147,3.033470999,4.091375094,140.1116866
809.142,32.98770187,40.12857722,3711.069649,2.33256403,4.728688519,141.6506512
810.142,32.98805444,40.12834126,3715.731313,1.896983443,5.298012534,143.2589968
811.142,32.98839483,40.12810817,3720.171173,1.773762882,4.993640095,144.7634552
812.142,32.98872438,40.12787759,3723.825595,1.888957757,3.880594602,146.6348314
813.142,32.98904456,40.12764818,3725.975795,2.611500204,2.295154443,149.825445
814.142,32.9893552,40.12741716,3725.982862,2.855363571,0.2518794207,153.3780996
815.142,32.98965697,40.12718223,3723.039728,0.494932476,-0.894224161,156.7558604
816.142,32.98995243,40.12694266,3716.757484,-1.425069665,-1.669170701,158.6757719
817.142,32.99024727,40.12669943,3707.642665,-3.320161359,-0.904954068,164.7061459
818.142,32.99054231,40.12645336,3696.939572,-2.691525262,0.7336864876,176.5341075
819.142,32.99082446,40.12620523,3686.44711,3.097437428,-0.005786877774,181.210656
820.142,32.99108525,40.12595528,3677.70112,7.552678896,-2.590210505,183.6673385
821.142,32.99131994,40.12570107,3669.997935,6.900571281,-5.133012239,188.8942637
822.142,32.99152767,40.12544172,3661.423996,4.664141524,-3.384625965,194.0092421
823.142,32.99171243,40.1251806,3652.217158,3.843140833,1.654327526,198.7831755
824.142,32.99187939,40.12492429,3644.660596,4.531991451,4.619307735,206.4660455
825.142,32.99202797,40.12468046,3638.891566,4.76610088,7.362158454,209.7713243
826.142,32.99216607,40.12445223,3634.490255,4.857854226,9.785137326,215.744311
827.142,32.99229851,40.1242423,3630.658976,5.075242499,10.14383239,223.460485
828.142,32.99242633,40.1240529,3625.724967,4.662003248,10.25044567,225.2469483
829.142,32.99255564,40.12388039,3618.579274,5.012029098,10.15144122,230.1909808
830.142,32.99268647,40.1237258,3609.912236,8.401866071,8.386750862,235.9507427
831.142,32.99281543,40.12359202,3599.834933,8.396133834,7.450525733,237.1060828
832.142,32.99294392,40.12347556,3588.519857,8.7412761,5.612052679,240.9070012
833.142,32.99306966,40.1233753,3576.541919,7.966692521,1.236281635,245.280945
834.142,32.99318688,40.12328809,3563.605978,4.250547529,-3.816882597,248.1962883
835.142,32.99329265,40.12320369,3549.527632,-0.1440141251,-8.939183392,253.0446298
836.142,32.9933783,40.12311558,3536.815147,-4.123188834,-11.63018486,252.9761367
837.15,32.99343599,40.12302089,3527.547002,-2.470342819,-11.53708341,235.4386424
838.142,32.99346811,40.12291105,3522.371502,0.8817736332,-7.478241787,206.651731
839.142,32.99350435,40.12278022,3520.34341,-4.011343633,-0.4643862692,206.9606605
840.142,32.99355415,40.12263824,3521.717402,-3.018859516,7.067862251,224.0115037
841.142,32.99361264,40.12249791,3527.304277,1.109659,7.212044556,235.7840314
842.142,32.99367639,40.12236788,3536.447343,3.952380744,7.601819546,233.9041175
843.142,32.99374381,40.12224828,3547.229501,6.621137143,6.004745441,228.8137004
844.142,32.99381398,40.12213357,3549.938374,5.650171538,3.663969603,237.3951365
845.142,32.99388005,40.12202829,3545.292238,4.25851836,2.912313688,241.8001713
846.142,32.99394486,40.12192956,3535.448862,2.717016382,4.026590749,246.7353655
847.142,32.99401128,40.1218366,3522.168446,2.340965376,4.002951038,251.3725449
848.142,32.99407923,40.12174885,3507.108657,2.720686754,-0.1522651537,255.6968196
849.142,32.99414258,40.12166717,3490.446528,1.936053619,-3.84888118,253.8317408
850.142,32.99419457,40.12158949,3472.531587,1.946375742,-5.735073351,244.5964781
851.142,32.99423289,40.12151056,3453.477582,0.5506674066,-5.133109569,234.2938481
852.142,32.99426112,40.1214254,3433.639407,-0.5047353449,-5.162648857,228.8421277
853.142,32.99428194,40.12133202,3413.034256,-2.120019001,-5.572774396,228.3636729
854.142,32.99429595,40.121229,3393.288826,-3.667813292,-4.982570919,228.9618199
855.142,32.99430434,40.12111505,3376.619946,-3.869284662,-4.173868838,227.6930303
856.142,32.99431048,40.12098989,3362.237711,-3.886861301,-2.559039869,227.9274697
857.142,32.99431591,40.12085575,3349.852869,-2.293387559,-0.8629297283,229.3107606
858.142,32.99432012,40.12071698,3339.686884,0.7022789299,0.56550103,230.2230827
859.142,32.9943214,40.12057872,3331.992614,3.951049711,1.666264775,230.6421557
860.142,32.99431794,40.12044567,3326.707661,5.940372189,2.514846624,231.6053763
861.142,32.99430954,40.12032051,3323.233835,6.103741349,3.410196912,234.2246173
862.142,32.99429821,40.12020399,3320.921859,6.704490637,4.377768767,239.7763863
863.142,32.9942848,40.12009808,3319.291504,6.717800969,3.654392824,245.1617719
864.142,32.99426956,40.12000321,3317.153639,5.208914424,3.836229535,246.9505438
865.142,32.99425491,40.11991704,3314.142314,6.445071942,5.14535183,248.088426
866.142,32.9942425,40.11984092,3310.526904,7.732635598,5.597381006,249.1264508
867.142,32.99423319,40.1197767,3305.957013,6.449932048,6.677279591,248.5954173
868.142,32.99422939,40.11972179,3300.539782,6.86937738,5.310044339,251.2817307
869.142,32.99422997,40.11967554,3294.082261,6.051583463,3.858321355,256.6150702
870.142,32.99423322,40.11963823,3286.233495,3.102440114,4.324396389,258.3723413
871.142,32.99424148,40.11960452,3277.001935,-0.9906320676,5.13594922,259.290428
872.142,32.9942572,40.11956758,3267.161538,-1.300132805,3.353022039,264.2359767
873.142,32.99427729,40.11952801,3256.971606,-3.359886379,0.896702239,265.6477495
874.142,32.9942987,40.11948225,3245.992041,-6.578106098,1.963501801,264.5980041
875.142,32.9943233,40.11942479,3234.659878,-4.686452337,4.482910138,266.9938432
876.142,32.99435399,40.11935866,3224.219253,-0.2348422608,4.43361709,271.6764843
877.142,32.99439108,40.11929235,3216.08585,2.755190736,2.913903841,271.3835238
878.142,32.99443295,40.11922705,3210.481095,1.637791531,3.664773858,272.4628576
879.15,32.9944798,40.11916129,3206.377339,2.198423597,4.24161663,277.8178352
880.142,32.99453214,40.11909825,3203.50681,2.008208164,1.505327909,278.9213479
881.142,32.99458558,40.11903596,3201.154572,-1.174518689,-1.063086928,279.3281813
882.142,32.99463421,40.11897121,3199.352206,0.9320408907,-2.828687627,280.6266549
883.142,32.99467516,40.11890574,3198.084099,0.9526142742,-2.864160214,283.0155272
884.142,32.99470761,40.11883998,3198.150648,-0.7101736681,-2.018780443,287.8046646
885.142,32.994733,40.11877494,3200.862034,5.029322284,-1.128433802,289.6619023
886.142,32.99475568,40.1187153,3203.331741,6.805872416,-0.8336002023,290.797271
887.142,32.99477853,40.11866346,3204.511709,5.83798253,0.4684418008,291.7104946
888.142,32.99480339,40.11861915,3204.692095,6.555630933,0.9142611612,290.9148869
889.142,32.99483032,40.11858204,3201.781002,5.706469799,-0.8122289139,289.6020972
890.142,32.99485643,40.11855158,3195.385167,2.350006412,-1.971075201,287.7141236
891.142,32.99487853,40.11852167,3187.779899,-0.7274741637,1.990951051,290.7095167
892.142,32.99489955,40.11848788,3180.685811,-4.397161382,4.531737453,294.1330534
893.142,32.99492167,40.11844519,3174.207342,-2.03606381,3.942256696,297.105142
894.142,32.99494485,40.11839637,3168.909252,-1.649674353,-0.1661659227,296.7768831
895.142,32.99496325,40.1183453,3164.734985,-3.679140734,-2.917813271,294.9940671
896.142,32.99496727,40.11828345,3161.688735,-7.192692922,1.79154133,307.8082669
897.142,32.99495911,40.11821223,3162.596095,-2.6280124,-0.00710510345,322.1640678
898.142,32.9949453,40.11813956,3160.71566,-9.340168431,-2.518656162,327.8951156
899.142,32.99492082,40.11806629,3148.678932,-3.809110696,-3.103885553,333.3102262
900.142,32.99487646,40.11799482,3139.862907,-6.522811874,-4.883680879,345.2298899
901.142,32.99481416,40.11793344,3140.612266,-4.871859956,-10.22865737,351.0624343
902.142,32.9947483,40.11788503,3141.246733,3.218225481,0.6308881919,337.6549095
903.142,32.9946755,40.11784094,3144.349775,6.308597078,0.9381240279,342.0183622
904.142,32.99461308,40.11780127,3147.642177,3.455588002,-2.797583585,341.8056155
905.142,32.99455469,40.11776866,3149.611197,3.576112239,-5.467547648,338.9452962
906.142,32.99449673,40.11774671,3150.302743,7.343299447,-6.441406692,337.5116122
907.142,32.99444354,40.1177387,3150.026374,9.039339579,-5.884364211,337.4915041
908.142,32.99439708,40.11774362,3148.375422,3.323357247,-2.025188442,338.3035863
909.142,32.99434967,40.11775313,3143.570738,-1.746163581,4.625301653,345.0011878
910.142,32.99429765,40.11775894,3135.693706,-0.7430403783,6.873241987,357.7921923
911.142,32.99424336,40.11775865,3129.270815,-0.9573670187,5.473254271,11.87629024
912.142,32.99419386,40.11775827,3129.390594,-1.238824173,0.4323431304,24.07757454
913.142,32.99416417,40.11775844,3129.251678,-1.18986495,0.7795194048,25.40791439
914.142,32.99415702,40.11775933,3129.251744,-0.6074567477,0.287810031,21.61898989
915.142,32.99415724,40.11775928,3129.223922,-0.2809345385,0.4011249504,21.33022999
916.142,32.99415723,40.11775929,3129.224051,-0.2806673607,0.3779922736,21.34528885
917.142,32.99415723,40.11775929,3129.224241,-0.2806638922,0.3760148538,21.34404746
918.142,32.99415723,40.11775929,3129.224257,-0.280604048,0.373561055,21.34454777
919.142,32.99415723,40.11775929,3129.22444,-0.2807337683,0.3712557861,21.3447817
920.142,32.99415723,40.1177593,3129.224655,-0.2807514574,0.3651409525,21.35363021
921.142,32.99415723,40.1177593,3129.225654,-0.2802301218,0.3463251421,21.35635375
922.142,32.99415724,40.1177593,3129.226652,-0.2799735095,0.3281940848,21.35739536
923.142,32.99415724,40.11775931,3129.227457,-0.2790389208,0.3119635809,21.35895435
924.142,32.99415724,40.11775931,3129.228857,-0.2781915772,0.294729066,21.35923951
925.142,32.99415723,40.11775931,3129.228165,-0.2815652371,0.3064037002,21.36190157
926.142,32.99415724,40.11775932,3129.230377,-0.279410926,0.2679578194,21.36251458
927.142,32.99415724,40.11775933,3129.230669,-0.2781656972,0.2452933307,21.36386013
928.142,32.99415725,40.11775933,3129.231467,-0.2776129855,0.2311957135,21.36507761
929.142,32.99415725,40.11775933,3129.232072,-0.2773761433,0.2160684053,21.36615166
930.142,32.99415725,40.11775934,3129.232861,-0.2771496532,0.2022184092,21.36723083
931.15,32.99415725,40.11775934,3129.233473,-0.2767003281,0.1883171867,21.36822462
932.15,32.99415725,40.11775934,3129.234257,-0.2764064432,0.1749623792,21.36918085
933.142,32.99415725,40.11775935,3129.234864,-0.2758743555,0.1620788949,21.37007048
934.15,32.99415725,40.11775935,3129.235465,-0.2758921246,0.1492517463,21.37099085
935.142,32.99415726,40.11775935,3129.236073,-0.275406194,0.1364109506,21.37183779
936.142,32.99415726,40.11775936,3129.23667,-0.2754419191,0.1252145363,21.37269156
937.142,32.99415726,40.11775936,3129.237268,-0.2750925389,0.113027758,21.37349411
938.142,32.99415726,40.11775936,3129.237865,-0.2746484966,0.1020533248,21.37421128
939.142,32.99415726,40.11775936,3129.238471,-0.2743205408,0.09028148047,21.3749626
940.142,32.99415726,40.11775937,3129.238875,-0.2742034938,0.08030256075,21.37569855
941.142,32.99415726,40.11775937,3129.239466,-0.2738995237,0.06987626364,21.37648744
942.142,32.99415726,40.11775937,3129.239883,-0.2737253005,0.05887623732,21.37706801
943.142,32.99415726,40.11775938,3129.240469,-0.2733803492,0.04929860122,21.3777681
944.142,32.99415727,40.11775938,3129.240875,-0.2733571906,0.03996343683,21.37841697
945.142,32.99415727,40.11775938,3129.241471,-0.2731113038,0.02996062479,21.37897705
946.142,32.99415727,40.11775938,3129.241874,-0.272915763,0.02037786772,21.37956956
947.142,32.99415727,40.11775938,3129.242275,-0.2727501309,0.0121389537,21.38020819
948.15,32.99415727,40.11775939,3129.24268,-0.2724803117,0.003350207788,21.38068801
949.142,32.99415727,40.11775939,3129.243078,-0.2723069957,-0.004518170136,21.38123613
950.15,32.99415727,40.11775939,3129.243481,-0.2721832785,-0.0132112934,21.38182694
951.142,32.99415727,40.11775939,3129.243885,-0.2719330428,-0.02165340555,21.38233067
952.142,32.99415727,40.1177594,3129.244284,-0.2718929421,-0.02995550215,21.38281049
953.142,32.99415727,40.1177594,3129.244679,-0.2714497803,-0.03690180454,21.38321518
954.142,32.99415727,40.1177594,3129.245072,-0.2715122391,-0.04463870466,21.38377696
955.142,32.99415728,40.1177594,3129.245477,-0.2712390316,-0.05219118633,21.38419019
956.142,32.99415728,40.1177594,3129.245879,-0.2711639262,-0.06043523466,21.38466489
957.142,32.99415728,40.1177594,3129.246267,-0.2710034968,-0.06699904646,21.38503372
958.142,32.99415728,40.11775941,3129.246487,-0.2708352767,-0.07434833667,21.38547939
959.142,32.99415728,40.11775941,3129.246881,-0.2707021947,-0.08074993147,21.38590969
960.142,32.99415728,40.11775941,3129.24727,-0.2705638834,-0.08766721889,21.38627169
961.142,32.99415728,40.11775941,3129.247477,-0.2704879509,-0.09356851568,21.38668491
962.142,32.99415728,40.11775941,3129.247873,-0.2703283753,-0.100115252,21.38698886
963.15,32.99415728,40.11775941,3129.248088,-0.2701772573,-0.1065561404,21.3874055
964.142,32.99415728,40.11775942,3129.248473,-0.2700799538,-0.1121500787,21.38771627
965.142,32.99415728,40.11775942,3129.248687,-0.2699024489,-0.1181708771,21.38812096
966.142,32.99415728,40.11775942,3129.249072,-0.2698231013,-0.1239287532,21.38841466
967.142,32.99415728,40.11775942,3129.249282,-0.2696566955,-0.1292938802,21.38877154
968.15,32.99415728,40.11775942,3129.249491,-0.2695893541,-0.1354939844,21.3890806
969.142,32.99415728,40.11775942,3129.249871,-0.2695560303,-0.1398636246,21.38937772
970.142,32.99415729,40.11775942,3129.250088,-0.2695501339,-0.145993746,21.38973972
971.142,32.99415729,40.11775943,3129.250479,-0.2693427203,-0.1515040145,21.39004537
972.142,32.99415729,40.11775943,3129.250674,-0.2692787673,-0.1559999999,21.39025027
973.142,32.99415729,40.11775943,3129.250882,-0.2691959779,-0.1607504098,21.39055934
974.142,32.99415729,40.11775943,3129.251087,-0.2691004887,-0.1659191688,21.39088207
975.142,32.99415729,40.11775943,3129.251296,-0.2688759729,-0.1715148413,21.39117918
976.142,32.99415729,40.11775943,3129.251674,-0.2688154617,-0.1757564021,21.39140457
977.142,32.99415729,40.11775943,3129.251872,-0.2688411282,-0.1797367215,21.39160948
978.142,32.99415729,40.11775943,3129.252074,-0.2686985481,-0.1840363389,21.39182463
979.142,32.99415729,40.11775944,3129.252276,-0.2686021517,-0.1887184736,21.3921559
980.142,32.99415729,40.11775944,3129.252481,-0.2683973527,-0.1925741287,21.39245813
981.142,32.99415729,40.11775944,3129.252684,-0.2684537551,-0.1972750465,21.39271426
982.142,32.99415729,40.11775944,3129.252883,-0.2682412455,-0.2010162959,21.39289526
983.142,32.99415729,40.11775944,3129.253084,-0.2681874578,-0.2053278662,21.39315481
984.142,32.99415729,40.11775944,3129.253277,-0.2680971179,-0.2089837383,21.39331874
985.142,32.99415729,40.11775944,3129.253482,-0.2679280974,-0.2128274806,21.39357657
986.142,32.99415729,40.11775944,3129.253677,-0.2679452262,-0.217098083,21.39375245
987.142,32.99415729,40.11775944,3129.253875,-0.2678727355,-0.2204756383,21.39387198
988.142,32.99415729,40.11775944,3129.254078,-0.2677575828,-0.2247360088,21.39412128
989.142,32.99415729,40.11775945,3129.25428,-0.2676389082,-0.2288682999,21.39434839
990.142,32.99415729,40.11775945,3129.254479,-0.2676116675,-0.232657374,21.39453451
991.142,32.99415729,40.11775945,3129.254491,-0.2675929912,-0.2360605425,21.39473771
992.142,32.9941573,40.11775945,3129.25469,-0.2674581217,-0.2386321087,21.39494944
993.142,32.9941573,40.11775945,3129.254884,-0.2673924611,-0.2414257094,21.39511337
994.142,32.9941573,40.11775945,3129.255079,-0.2673327503,-0.245103793,21.39524997
995.142,32.9941573,40.11775945,3129.255281,-0.2672064452,-0.2490960652,21.39546171
996.142,32.9941573,40.11775945,3129.255301,-0.267217651,-0.2528168641,21.39564954
997.142,32.9941573,40.11775945,3129.255486,-0.267174989,-0.253948968,21.39579468
998.142,32.9941573,40.11775945,3129.255686,-0.2669351319,-0.2576851081,21.39593641
999.142,32.9941573,40.11775945,3129.25589,-0.2669130139,-0.2619284165,21.39609691
1000.14,32.9941573,40.11775945,3129.255896,-0.2668678706,-0.2637589072,21.39634963
1001.14,32.9941573,40.11775945,3129.256087,-0.2669498329,-0.2660111888,21.39641793
1002.14,32.9941573,40.11775946,3129.256282,-0.2668415103,-0.2694724405,21.39654771
1003.14,32.9941573,40.11775946,3129.256292,-0.2667587476,-0.2722574768,21.39673554
1004.14,32.9941573,40.11775946,3129.256482,-0.2667194741,-0.2742741435,21.39689946
1005.14,32.9941573,40.11775946,3129.256682,-0.2666231044,-0.2776977758,21.39706851
1006.14,32.9941573,40.11775946,3129.256694,-0.2665727584,-0.2808584992,21.39717608
1007.14,32.9941573,40.11775946,3129.256888,-0.2664848997,-0.2821289411,21.39729903
1008.14,32.9941573,40.11775946,3129.256894,-0.2664619012,-0.285149619,21.39742197
1009.14,32.9941573,40.11775946,3129.257089,-0.2664474137,-0.2877690499,21.39760126
1010.14,32.9941573,40.11775946,3129.257283,-0.2663535787,-0.2900247198,21.3976764
1011.14,32.9941573,40.11775946,3129.257292,-0.2663032327,-0.2925143505,21.39782666
1012.14,32.9941573,40.11775946,3129.257481,-0.2662648663,-0.2939436209,21.39792399
1013.14,32.9941573,40.11775946,3129.257502,-0.2662367451,-0.2974526573,21.39811524
1014.14,32.9941573,40.11775946,3129.257689,-0.2661189777,-0.29863428,21.39819037
1015.14,32.9941573,40.11775946,3129.257884,-0.266144671,-0.3018018336,21.398356
1016.14,32.9941573,40.11775946,3129.257888,-0.2660243422,-0.303541851,21.39841064
1017.14,32.9941573,40.11775946,3129.258085,-0.2660329333,-0.3060690476,21.39856091
1018.14,32.9941573,40.11775946,3129.258095,-0.265961243,-0.3078585839,21.39863091
1019.14,32.9941573,40.11775947,3129.258284,-0.2659331218,-0.3100084126,21.39878801
1020.14,32.9941573,40.11775947,3129.258296,-0.2658597774,-0.3119806564,21.3988768
1021.14,32.9941573,40.11775947,3129.258484,-0.2658179691,-0.313993908,21.39902707
1022.14,32.9941573,40.11775947,3129.258495,-0.2657770414,-0.3156280308,21.39906122
1023.14,32.9941573,40.11775947,3129.258685,-0.2657847787,-0.3180766803,21.39920636
1024.14,32.9941573,40.11775947,3129.258691,-0.2657267488,-0.3188860844,21.39928491
1025.14,32.9941573,40.11775947,3129.258698,-0.2656943587,-0.3218060703,21.399442
1026.14,32.9941573,40.11775947,3129.258883,-0.2656909436,-0.3222670814,21.39945737
1027.14,32.9941573,40.11775947,3129.258898,-0.2655382249,-0.3246713613,21.39961105
1028.14,32.9941573,40.11775947,3129.259084,-0.2655271525,-0.3263038032,21.39965886
1029.14,32.9941573,40.11775947,3129.259092,-0.2655459889,-0.328310198,21.39979034
1030.14,32.99415731,40.11775947,3129.259099,-0.2655229903,-0.3300963458,21.39988255
1031.14,32.99415731,40.11775947,3129.259294,-0.2654188299,-0.3314128648,21.40000208
1032.14,32.99415731,40.11775947,3129.259298,-0.265426594,-0.3337010048,21.40007892
1033.14,32.99415731,40.11775947,3129.259486,-0.2653386553,-0.334495041,21.40010624
1034.15,32.99415731,40.11775947,3129.259493,-0.2653634681,-0.336330681,21.40022918
1035.14,32.99415731,40.11775947,3129.259499,-0.2653788894,-0.3380177911,21.40030773
1036.14,32.99415731,40.11775947,3129.259691,-0.265298688,-0.3388766874,21.40038627
1037.14,32.99415731,40.11775947,3129.259699,-0.2652764899,-0.3406610743,21.40043238
1038.14,32.99415731,40.11775947,3129.259886,-0.2652441265,-0.3423020806,21.40051092
1039.14,32.99415731,40.11775947,3129.259888,-0.2652202475,-0.3432753559,21.40063899
1040.14,32.99415731,40.11775947,3129.259896,-0.2651724896,-0.3450939471,21.40071242
1041.14,32.99415731,40.11775947,3129.260087,-0.2651161405,-0.3464105194,21.40078413
1042.14,32.99415731,40.11775947,3129.260085,-0.2650743056,-0.346808378,21.40081316
1043.14,32.99415731,40.11775948,3129.260091,-0.2650812158,-0.3482888215,21.40087463
1044.14,32.99415731,40.11775948,3129.260105,-0.2650538951,-0.3499469299,21.40096172
1045.14,32.99415731,40.11775948,3129.260285,-0.265018917,-0.3505171974,21.40099416
1046.14,32.99415731,40.11775948,3129.260291,-0.2650419956,-0.3520301643,21.40107954
1047.15,32.99415731,40.11775948,3129.260297,-0.2650053901,-0.353531125,21.40115467
1048.14,32.99415731,40.11775948,3129.260486,-0.2649482406,-0.3544890591,21.40123151
1049.14,32.99415731,40.11775948,3129.260493,-0.2649123821,-0.3560788123,21.40133225
1050.14,32.99415731,40.11775948,3129.260499,-0.2648893569,-0.3576241693,21.40139885
1051.14,32.99415731,40.11775948,3129.260687,-0.2648620628,-0.3584421111,21.40145008
1052.14,32.99415731,40.11775948,3129.260686,-0.2648612624,-0.3588297777,21.40149618
1053.14,32.99415731,40.11775948,3129.260692,-0.2648227892,-0.3600916285,21.40154741
1054.14,32.99415731,40.11775948,3129.260698,-0.2648126507,-0.3615157763,21.40162595
1055.14,32.99415731,40.11775948,3129.260887,-0.26475969,-0.362330303,21.40167206
1056.14,32.99415731,40.11775948,3129.260886,-0.2647588896,-0.3626154634,21.40171645
1057.14,32.99415731,40.11775948,3129.260892,-0.2647255924,-0.3639507654,21.40177451
1058.14,32.99415731,40.11775948,3129.260897,-0.2647085703,-0.3652058393,21.40183769
1059.14,32.99415731,40.11775948,3129.261088,-0.2646770341,-0.3663414116,21.4019077
1060.14,32.99415731,40.11775948,3129.261086,-0.2646770341,-0.3663414116,21.4019077
1061.14,32.99415731,40.11775948,3129.261091,-0.2646446173,-0.3676459778,21.40199478
1062.14,32.99415731,40.11775948,3129.261101,-0.2646105198,-0.3686756288,21.40204601
1063.14,32.99415731,40.11775948,3129.2611,-0.2646028358,-0.3696404731,21.40210919
1064.14,32.99415731,40.11775948,3129.261289,-0.2645772759,-0.3704412861,21.40214334
1065.14,32.99415731,40.11775948,3129.261293,-0.2645652964,-0.3706735125,21.40219627
1066.13,32.99415731,40.11775948,3129.261292,-0.2645397366,-0.3716400109,21.40225262
1067.13,32.99415731,40.11775948,3129.261297,-0.264516658,-0.3728967924,21.40231409
1068.13,32.99415731,40.11775948,3129.261305,-0.2644740494,-0.3735200739,21.40235678
1069.13,32.99415731,40.11775948,3129.261302,-0.2644825871,-0.3740971715,21.40237557
1070.13,32.99415731,40.11775948,3129.261487,-0.2644749031,-0.3743226478,21.40239264
1071.13,32.99415731,40.11775948,3129.261489,-0.2644655116,-0.3748912343,21.40248143
1072.13,32.99415731,40.11775948,3129.261494,-0.2644382709,-0.3759721918,21.40252412
1073.13,32.99415731,40.11775948,3129.261501,-0.2644545193,-0.3763717045,21.40253949
1074.13,32.99415731,40.11775948,3129.261498,-0.2644006782,-0.3771674749,21.40258901
1075.13,32.99415731,40.11775948,3129.261689,-0.2643648997,-0.3780793052,21.40264194
1076.13,32.99415731,40.11775948,3129.261687,-0.2643648997,-0.3780793052,21.40264194
1077.13,32.99415731,40.11775948,3129.261687,-0.2643520398,-0.3782466448,21.40268292
1078.13,32.99415731,40.11775948,3129.26169,-0.2643137,-0.3790389734,21.40274952
1079.13,32.99415731,40.11775948,3129.261696,-0.2643273871,-0.380008887,21.40279904
1080.13,32.99415731,40.11775948,3129.261704,-0.2642949437,-0.3806919326,21.40284343
1081.13,32.99415731,40.11775948,3129.261698,-0.264294997,-0.3808063382,21.40284514
1082.13,32.99415731,40.11775948,3129.261703,-0.2642591385,-0.3816550159,21.40290491
1083.13,32.99415731,40.11775948,3129.261889,-0.2642471857,-0.3819947912,21.40292881
1084.13,32.99415731,40.11775948,3129.261889,-0.2642471857,-0.3819947912,21.40292881
1085.13,32.99415731,40.11775948,3129.261894,-0.26423606,-0.3821621575,21.40298175
1086.13,32.99415731,40.11775948,3129.261891,-0.264225868,-0.3827290899,21.40302956
1087.13,32.99415731,40.11775948,3129.261891,-0.2642182108,-0.3828998446,21.40304151
1088.13,32.99415731,40.11775948,3129.261894,-0.2642002815,-0.3834633619,21.40308591
1089.13,32.99415731,40.11775948,3129.261897,-0.2641840331,-0.384142939,21.40313201
1090.13,32.99415731,40.11775948,3129.261897,-0.2641840331,-0.384142939,21.40313201
1091.13,32.99415731,40.11775948,3129.2619,-0.2641703994,-0.3847047488,21.40317982
1092.13,32.99415731,40.11775948,3129.261903,-0.2641516431,-0.3852699469,21.40322592
1093.13,32.99415731,40.11775948,3129.261903,-0.2641516431,-0.3852699469,21.40322592
1094.13,32.99415731,40.11775948,3129.26209,-0.2641380628,-0.3854936356,21.40325325
1095.13,32.99415731,40.11775948,3129.262089,-0.2641380628,-0.3854936356,21.40325325
1096.13,32.99415731,40.11775948,3129.262088,-0.2641380628,-0.3854936356,21.40325325
1097.13,32.99415731,40.11775948,3129.262088,-0.2641380628,-0.3854936356,21.40325325
1098.13,32.99415731,40.11775948,3129.262089,-0.264129445,-0.3856490224,21.40332838
1099.13,32.99415731,40.11775948,3129.26209,-0.2641371823,-0.3857634548,21.4033557
1100.13,32.99415731,40.11775948,3129.26209,-0.2641499889,-0.3858812755,21.4033796
1101.13,32.99415731,40.11775948,3129.262091,-0.264124349,-0.3861015758,21.40340863
1102.13,32.99415731,40.11775948,3129.262091,-0.2641141304,-0.3861579249,21.403424
1103.13,32.99415731,40.11775948,3129.262093,-0.2641090078,-0.386332068,21.40345132
1104.13,32.99415731,40.11775948,3129.262093,-0.2641039118,-0.3864464737,21.40347864
1105.13,32.99415731,40.11775948,3129.262094,-0.2641064465,-0.3864464737,21.40347864
1106.13,32.99415731,40.11775948,3129.262095,-0.2641175455,-0.3865591718,21.40350938
1107.13,32.99415731,40.11775948,3129.262095,-0.2641653568,-0.3865591718,21.40350938
1108.13,32.99415731,40.11775948,3129.262095,-0.2641653568,-0.3865591718,21.40350938
1109.13,32.99415731,40.11775948,3129.262096,-0.2641815785,-0.38661384,21.40353328
1110.13,32.99415731,40.11775948,3129.262096,-0.2642208788,-0.38661384,21.40353328
1111.14,32.99415731,40.11775948,3129.262097,-0.2642208788,-0.38661384,21.40353328
1112.13,32.99415731,40.11775948,3129.262098,-0.2642208788,-0.38661384,21.40353328
1113.13,32.99415731,40.11775948,3129.262098,-0.2642208788,-0.38661384,21.40353328
1114.13,32.99415731,40.11775948,3129.262099,-0.26420375,-0.3866445492,21.40357597
1115.13,32.99415731,40.11775948,3129.262099,-0.26420375,-0.3866445492,21.40357597
1116.13,32.99415731,40.11775948,3129.262101,-0.26420375,-0.3866445492,21.40357597
1117.13,32.99415731,40.11775948,3129.262101,-0.26420375,-0.3866445492,21.40357597
1118.13,32.99415731,40.11775948,3129.262102,-0.2641816052,-0.3866445225,21.4036272
1119.13,32.99415731,40.11775948,3129.262104,-0.2641816052,-0.3866445225,21.4036272
1120.13,32.99415731,40.11775948,3129.262104,-0.2641764559,-0.386622351,21.40367842
1121.13,32.99415731,40.11775948,3129.262106,-0.2641764559,-0.386622351,21.40367842
1122.13,32.99415731,40.11775948,3129.262106,-0.2641730408,-0.3865847583,21.4037177
1123.13,32.99415731,40.11775948,3129.262107,-0.2641414512,-0.3864891624,21.40377405
1124.13,32.99415731,40.11775948,3129.262107,-0.2640876368,-0.3862705963,21.40382869
1125.13,32.99415731,40.11775948,3129.262104,-0.2640176006,-0.385696807,21.40385772
1126.13,32.99415731,40.11775948,3129.262102,-0.2639833963,-0.3852324075,21.40387479
1127.13,32.99415731,40.11775948,3129.262101,-0.2639416148,-0.3847405806,21.40372794
1128.13,32.99415731,40.11775948,3129.262092,-0.2640619435,-0.3832737974,21.40336082
1129.13,32.99415731,40.11775948,3129.262091,-0.2640371841,-0.3829066214,21.40349401
1130.13,32.99415731,40.11775948,3129.26209,-0.2640363036,-0.3825856559,21.40463294
1131.13,32.99415731,40.11775948,3129.262091,-0.2639953225,-0.3823448917,21.40376209
1132.13,32.99415731,40.11775948,3129.262092,-0.2639919074,-0.3823107408,21.40380649
1133.13,32.99415731,40.11775948,3129.262093,-0.2639944954,-0.3822099421,21.40385772
1134.13,32.99415731,40.11775948,3129.262091,-0.2639671213,-0.3815201197,21.40391236
1135.13,32.99415731,40.11775948,3129.262082,-0.2639474845,-0.3809907267,21.40391919
1136.13,32.99415731,40.11775948,3129.262088,-0.2639415081,-0.3806389719,21.40392431
1137.13,32.99415731,40.11775948,3129.262085,-0.2639346245,-0.3799337549,21.40393285
1138.13,32.99415731,40.11775948,3129.262083,-0.2639337441,-0.3792285379,21.40394139
1139.13,32.99415731,40.11775948,3129.26208,-0.263930329,-0.3786428491,21.40394309
1140.13,32.99415731,40.11775948,3129.262078,-0.2639302756,-0.3779409938,21.40394822
1141.13,32.99415731,40.11775948,3129.262077,-0.2639277143,-0.3774714183,21.40394822
1142.13,32.99415731,40.11775948,3129.262074,-0.2639276609,-0.3768276463,21.40395505
1143.13,32.99415731,40.11775948,3129.262072,-0.2639268605,-0.3761804592,21.40395846
1144.13,32.99415731,40.11775948,3129.262069,-0.2639216845,-0.375478684,21.40396188
1145.13,32.99415731,40.11775948,3129.262066,-0.263920804,-0.3746026855,21.40396359
1146.13,32.99415731,40.11775948,3129.262064,-0.2639165619,-0.3740750267,21.40396529
1147.13,32.99415731,40.11775948,3129.262062,-0.2639148276,-0.3734312547,21.40396871
1148.13,32.99415731,40.11775948,3129.26206,-0.2639139472,-0.3727277719,21.40397212
1149.13,32.99415731,40.11775948,3129.262056,-0.26391304,-0.3717356336,21.40396871
1150.13,32.99415731,40.11775948,3129.262054,-0.2639138138,-0.3711516257,21.40397042
1151.13,32.99415731,40.11775948,3129.262051,-0.2639121062,-0.3703917672,21.40397212
1152.13,32.99415731,40.11775948,3129.262049,-0.2639095182,-0.369807786,21.40396871
1153.13,32.99415731,40.11775948,3129.262046,-0.2639112258,-0.3689881366,21.40397383
1154.13,32.99415731,40.11775948,3129.262043,-0.2639094915,-0.3681702215,21.40397042
1155.13,32.99415731,40.11775948,3129.26204,-0.2639086378,-0.367294223,21.40397042
1156.13,32.99415731,40.11775948,3129.262038,-0.2639060498,-0.3667119227,21.40396871
1157.13,32.99415731,40.11775948,3129.262036,-0.2639094382,-0.3660681774,21.40397042
1158.13,32.99415731,40.11775948,3129.262032,-0.2639119995,-0.3651358566,21.40396529
1159.13,32.99415731,40.11775948,3129.26203,-0.2639111191,-0.3644322937,21.40396529
1160.13,32.99415731,40.11775948,3129.262027,-0.263908531,-0.3636741694,21.40396529
1161.13,32.99415731,40.11775948,3129.262025,-0.263905943,-0.3630901349,21.40396188
1162.13,32.99415731,40.11775948,3129.262023,-0.2639075972,-0.3623883329,21.40396359
1163.13,32.99415731,40.11775948,3129.262014,-0.2639075972,-0.361572152,21.40396017
1164.13,32.99415731,40.11775948,3129.262017,-0.2639041555,-0.360755891,21.40395505
1165.13,32.99415731,40.11775948,3129.262014,-0.2639007137,-0.3600575042,21.40395334
1166.13,32.99415731,40.11775948,3129.262011,-0.2638981257,-0.3593556756,21.40395163
1167.13,32.99415731,40.11775948,3129.26201,-0.2638989795,-0.3588314586,21.40394992
1168.13,32.99415731,40.11775948,3129.262007,-0.2638947106,-0.3581877132,21.40394822
1169.13,32.99415731,40.11775948,3129.262004,-0.2638988994,-0.3573134223,21.40394309
1170.13,32.99415731,40.11775948,3129.262002,-0.263903195,-0.3567310954,21.40394139
1171.13,32.99415731,40.11775948,3129.262,-0.2638997265,-0.356206905,21.40393968
1172.13,32.99415731,40.11775948,3129.261998,-0.2638997532,-0.3557407179,21.40393797
1173.13,32.99415731,40.11775948,3129.261996,-0.2639014874,-0.3551550292,21.40393968
1174.13,32.99415731,40.11775948,3129.261993,-0.2638988994,-0.3544566424,21.40393285
1175.13,32.99415731,40.11775948,3129.261991,-0.2638971652,-0.3538145779,21.40392943
1176.13,32.99415731,40.11775948,3129.26199,-0.2638988194,-0.3534064207,21.40392431
1177.13,32.99415731,40.11775948,3129.261988,-0.2638954043,-0.3529983703,21.40392943
1178.13,32.99415731,40.11775948,3129.261987,-0.2638971118,-0.3525919474,21.40392431
1179.13,32.99415731,40.11775948,3129.261985,-0.2638962581,-0.3521821093,21.4039209
1180.13,32.99415731,40.11775948,3129.261984,-0.2638996465,-0.3518320888,21.4039209
1181.13,32.99415731,40.11775948,3129.261983,-0.2639021811,-0.3514837492,21.40391919
1182.13,32.99415731,40.11775948,3129.261981,-0.2639030349,-0.3510158545,21.40391919
1183.13,32.99415731,40.11775948,3129.26198,-0.2639073038,-0.3507819205,21.40391748
1184.13,32.99415731,40.11775948,3129.261979,-0.2639055428,-0.3504335809,21.40391748
1185.13,32.99415731,40.11775948,3129.261978,-0.2638961513,-0.3501979394,21.40391919
1186.13,32.99415731,40.11775948,3129.261977,-0.2638867865,-0.3499059488,21.40391919
1187.13,32.99415731,40.11775948,3129.261976,-0.2639004469,-0.3496702806,21.40391748
1188.13,32.99415731,40.11775948,3129.261976,-0.2639157881,-0.3495558749,21.40391407
1189.13,32.99415731,40.11775948,3129.261974,-0.263898766,-0.3493817051,21.40391065
1190.13,32.99415731,40.11775948,3129.261974,-0.2638979122,-0.3493236485,21.40391065
1191.13,32.99415731,40.11775948,3129.261973,-0.263898686,-0.3490316312,21.40391236
1192.13,32.99415731,40.11775948,3129.261968,-0.2638107473,-0.3482205462,21.40266756
1193.13,32.99415731,40.11775948,3129.261967,-0.2638107473,-0.3482205462,21.40266756
1194.13,32.99415731,40.11775948,3129.261968,-0.2638107473,-0.3482205462,21.40266756
1195.13,32.99415731,40.11775948,3129.261968,-0.2638107473,-0.3482205462,21.40266756
1196.13,32.99415731,40.11775948,3129.261967,-0.2638107473,-0.3482205462,21.40266756
1197.13,32.99415731,40.11775948,3129.261968,-0.2638107473,-0.3482205462,21.40266756
1198.13,32.99415731,40.11775948,3129.261967,-0.2638107473,-0.3482205462,21.40266756
1199.13,32.99415731,40.11775948,3129.261967,-0.2638107473,-0.3482205462,21.40266756
1200.13,32.99415731,40.11775948,3129.261968,-0.2638107473,-0.3482205462,21.40266756
1201.13,32.99415731,40.11775948,3129.261967,-0.2638107473,-0.3482205462,21.40266756
1202.13,32.99415731,40.11775948,3129.261967,-0.2638107473,-0.3482205462,21.40266756
1203.13,32.99415731,40.11775948,3129.261968,-0.2638107473,-0.3482205462,21.40266756
1204.13,32.99415731,40.11775948,3129.261967,-0.2638107473,-0.3482205462,21.40266756
1205.13,32.99415731,40.11775948,3129.261967,-0.2638107473,-0.3482205462,21.40266756
1206.13,32.99415731,40.11775948,3129.261967,-0.2638107473,-0.3482205462,21.40266756
1207.13,32.99415731,40.11775948,3129.261967,-0.2638107473,-0.3482205462,21.40266756
1208.13,32.99415731,40.11775948,3129.261968,-0.2638107473,-0.3482205462,21.40266756
1209.13,32.99415731,40.11775948,3129.261967,-0.2638107473,-0.3482205462,21.40266756
1210.13,32.99415731,40.11775948,3129.261967,-0.2638107473,-0.3482205462,21.40266756
1211.13,32.99415731,40.11775948,3129.261968,-0.2638107473,-0.3482205462,21.40266756
1212.13,32.99415731,40.11775948,3129.261967,-0.2638107473,-0.3482205462,21.40266756
1213.13,32.99415731,40.11775948,3129.261968,-0.2638107473,-0.3482205462,21.40266756
1214.13,32.99415731,40.11775948,3129.261967,-0.2638107473,-0.3482205462,21.40266756
1215.13,32.99415731,40.11775948,3129.261967,-0.2638107473,-0.3482205462,21.40266756
1216.13,32.99415731,40.11775948,3129.261968,-0.2638107473,-0.3482205462,21.40266756
1217.13,32.99415731,40.11775948,3129.261968,-0.2638107473,-0.3482205462,21.40266756
1218.13,32.99415731,40.11775948,3129.261967,-0.2638107473,-0.3482205462,21.40266756
1219.13,32.99415731,40.11775948,3129.261967,-0.2638107473,-0.3482205462,21.40266756
1220.13,32.99415731,40.11775948,3129.261968,-0.2638107473,-0.3482205462,21.40266756
1221.13,32.99415731,40.11775948,3129.261967,-0.2638107473,-0.3482205462,21.40266756
1222.13,32.99415731,40.11775948,3129.261967,-0.2638107473,-0.3482205462,21.40266756
1223.13,32.99415731,40.11775948,3129.261968,-0.2638107473,-0.3482205462,21.40266756
1224.13,32.99415731,40.11775948,3129.261967,-0.2638107473,-0.3482205462,21.40266756
1225.13,32.99415731,40.11775948,3129.261967,-0.2638107473,-0.3482205462,21.40266756
1226.13,32.99415731,40.11775948,3129.261968,-0.2638107473,-0.3482205462,21.40266756
1227.13,32.99415731,40.11775948,3129.261967,-0.2638107473,-0.3482205462,21.40266756
1228.13,32.99415731,40.11775948,3129.261968,-0.2638107473,-0.3482205462,21.40266756
1229.13,32.99415731,40.11775948,3129.261967,-0.2638107473,-0.3482205462,21.40266756
1230.13,32.99415731,40.11775948,3129.261967,-0.2638107473,-0.3482205462,21.40266756
1231.13,32.99415731,40.11775948,3129.261967,-0.2638107473,-0.3482205462,21.40266756
1232.13,32.99415731,40.11775948,3129.261967,-0.2638107473,-0.3482205462,21.40266756
1233.13,32.99415731,40.11775948,3129.261968,-0.2638107473,-0.3482205462,21.40266756
