#{"t_start": 1777903206.291314, "env_id": "None"}
r,l,t
-487.943471,63,7.254162
-591.054567,50,7.332945
1244.696972,59,7.418105
1160.413215,109,7.5626
0.665388,91,7.691471
-324.667347,59,7.76608
-396.271415,49,7.830873
-1056.653721,24,7.869094
-578.699181,29,16.365161
-608.749223,34,16.421222
3248.856448,180,16.723906
1548.405113,135,16.973722
-767.562774,24,17.026288
1207.882604,122,17.268481
3440.791947,179,17.619826
-546.998371,35,17.707468
-917.578064,23,25.851545
2875.337199,150,26.056747
-971.057807,34,26.097627
-228.563852,50,26.16041
-984.719981,34,26.202033
2587.211768,156,26.42004
2475.78015,89,26.539569
-735.464528,26,26.57495
1917.5641,125,35.635458
-319.599037,73,35.726285
2565.449297,184,35.995478
3074.486864,160,36.197004
783.569596,63,36.278566
1684.647636,115,36.428042
2460.128612,128,36.593147
-530.35639,48,36.657084
-494.962814,120,45.864362
-658.44049,35,45.908762
3423.601154,188,46.145749
-231.938693,56,46.214273
562.680911,58,46.293785
-941.036866,28,46.327406
-865.434159,26,46.36509
-612.35055,60,46.443595
3407.297735,215,54.644421
-821.386401,20,54.676668
-985.014643,18,54.705649
-292.123474,62,54.79868
-620.378544,32,54.840033
-1141.422653,21,54.870732
-876.259931,43,54.943656
3123.04339,150,55.201116
-666.445498,69,64.249822
-950.286073,19,64.280313
-334.036781,39,64.339649
3342.211186,183,64.582381
-306.98733,51,64.647349
-1019.123244,14,64.670722
696.419565,116,64.825224
618.230375,107,64.969913
-861.999232,19,74.191757
1973.335903,110,74.328601
649.947006,68,74.432973
-519.38477,59,74.506685
-914.807578,69,74.598168
-825.986743,21,74.624678
3421.023564,178,74.847936
1312.119454,117,75.007422
-85.537112,131,83.7394
1040.251748,105,83.923024
1302.128387,102,84.108136
-1071.084756,27,84.178617
-637.86526,43,84.264152
-617.344668,29,84.323602
1842.634873,150,84.593044
2261.546096,134,84.887583
908.988005,101,93.158437
2340.012628,141,93.356753
3107.083438,143,93.541901
0.50838,66,93.623699
-964.560126,46,93.680857
-464.986468,34,93.727047
-460.954528,55,93.806959
-260.014161,82,93.908452
2390.772358,142,103.052085
-737.955343,37,103.104009
2085.896786,116,103.250844
-786.809145,22,103.290612
-405.477957,48,103.348634
103.658984,70,103.435069
-943.620941,17,103.462531
-870.334522,29,103.501638
-876.767608,28,112.71198
-368.340599,44,112.766411
-213.722543,75,112.875902
3779.504772,208,113.151675
-1017.304404,79,113.247918
1842.991058,118,113.40314
-753.320834,78,113.504503
1469.622764,108,113.643265
2030.250039,145,121.930955
3172.904201,183,122.282377
809.989524,109,122.513768
-950.570432,24,122.55342
1499.301603,59,122.665575
3735.063119,232,123.067014
3324.442247,203,123.448793
2679.688461,193,123.776872
2235.124857,128,132.515781
-533.595161,30,132.552374
-32.153618,74,132.645415
-260.858251,108,132.792418
2460.850969,146,132.975577
3185.352015,173,133.214563
-5.844446,65,133.303776
-890.183671,42,133.371784
2737.320773,128,142.505745
2800.263164,108,142.658535
-668.518846,40,142.71229
-556.597136,39,142.758838
2682.960071,175,142.989876
3119.910811,209,143.263604
-852.559401,31,143.308595
-1169.386278,43,143.36614
3568.703601,157,152.674445
-683.756025,70,152.762521
-1162.214431,61,152.835107
-945.434251,37,152.888451
-924.321243,21,152.93021
2043.09255,114,153.069954
-875.521996,25,153.100206
1282.367871,120,153.273777
2080.67955,150,161.385375
3495.957776,162,161.607111
-881.417644,23,161.635856
2076.90093,110,161.791695
1256.246631,102,161.918786
-1017.004449,71,162.008437
-570.28123,66,162.102122
-840.404735,27,162.140559
2174.692044,168,171.479742
2301.342312,116,171.621306
2642.890508,149,171.815301
2955.564921,163,172.032326
-684.452387,29,172.085243
-1428.71048,115,172.22469
-937.245742,24,172.265768
-1030.015089,54,172.34485
-861.883081,29,181.33632
2460.807949,129,181.494878
-549.547124,66,181.586011
-918.644019,68,181.689443
-931.636851,20,181.721313
3107.238946,176,181.94726
-897.220017,24,181.979067
-857.354936,25,182.012171
-742.364876,30,190.420866
1425.898893,136,190.65247
-725.289793,25,190.699748
-868.826143,25,190.752798
2724.303233,144,190.99483
1794.210559,113,191.21191
3214.248957,201,191.565306
-879.967574,34,191.635097
3361.257803,187,200.310656
1441.324032,81,200.42643
-1279.122014,73,200.523868
2392.209415,137,200.714013
-1438.048573,54,200.789408
96.643091,99,200.922003
3348.471944,164,201.123081
-706.678937,42,201.192018
-954.356385,29,210.51525
1433.896078,125,210.674838
-903.821709,28,210.71258
896.745175,116,210.864251
2740.093888,197,211.103428
-418.765478,63,211.191622
-914.11832,17,211.222586
897.941492,68,211.317713
3028.436207,152,220.537467
3679.103505,222,220.826007
-1098.278963,61,220.914219
-520.176316,31,220.954468
922.090793,113,221.102653
2649.575032,146,221.285641
1933.967087,161,221.494876
-956.664531,21,221.527029
-1340.95396,50,229.547247
2547.404193,145,229.730261
-818.177956,22,229.780552
3374.794608,188,230.138544
2195.858144,172,230.468565
3782.890923,180,230.770313
-880.055671,23,230.808086
-846.245829,35,230.885252
-652.468957,41,239.871417
3258.907236,159,240.077054
3548.719855,221,240.361887
-805.837186,29,240.399157
2951.967531,185,240.63853
-814.323954,52,240.703434
-1285.060457,94,240.836349
-735.290381,47,240.906191
-620.512744,47,249.818405
-415.44035,38,249.878463
2912.871689,146,250.054974
-813.922069,28,250.096518
2643.077697,143,250.303203
2127.37354,197,250.551637
-606.097139,28,250.584742
3004.994956,187,250.823074
-339.627247,78,259.982653
-731.204524,23,260.035107
-771.925583,41,260.117052
2701.566206,160,260.367043
-915.042979,30,260.406915
-199.636209,61,260.48244
-485.287097,46,260.551099
3262.688343,168,260.754375
2404.575413,170,269.06741
2701.367695,163,269.277111
925.051439,67,269.387084
3385.770749,221,269.669152
3202.593014,146,269.84997
1353.611955,123,270.004979
-801.659555,45,270.060935
532.606093,54,270.141774
-578.815902,40,279.427595
-1172.297369,38,279.485243
-827.416212,20,279.516252
-1182.304091,33,279.561623
484.937011,109,279.718496
2267.354937,146,279.928953
3006.555402,157,280.120075
3210.195791,169,280.338173
-1056.118149,46,289.496887
1172.506945,106,289.640118
666.003373,102,289.775965
2055.365702,117,289.928901
-725.685197,29,289.976004
1132.775836,126,290.134029
-438.715621,51,290.198586
1918.723906,118,290.352908
2103.484732,139,299.044941
-952.022417,60,299.14236
2944.999827,162,299.446489
2220.656169,171,299.750222
785.172795,58,299.873825
-691.409791,66,300.05668
-406.34383,40,300.136927
2823.945717,177,300.475033
1613.816456,123,308.894058
-876.199847,38,308.939213
247.490201,132,309.114635
-1091.102515,25,309.15044
-755.59137,33,309.19307
-437.597085,49,309.250529
3399.483589,186,309.510665
-445.04041,89,309.61891
-1154.850558,54,318.843311
619.182891,79,318.947317
795.77541,129,319.128241
2221.545396,171,319.344162
2958.028181,166,319.554889
1926.947802,133,319.714619
-782.234639,23,319.747716
-741.920592,42,319.803656
2344.943289,146,329.01116
-1221.388576,62,329.095533
-993.773806,22,329.130208
726.34187,121,329.282548
-2077.731011,50,329.359559
190.40782,103,329.496716
-1377.941378,61,329.575493
1601.580912,107,329.735018
2026.136301,146,337.929564
3261.217373,164,338.225787
-1066.119192,29,338.286344
1917.595505,123,338.509315
2729.446823,135,338.732073
-965.903365,27,338.796089
-902.938425,24,338.8409
2310.868953,134,339.096898
2217.572647,135,347.912916
3012.116501,175,348.140069
1241.534498,79,348.238824
1998.583075,143,348.422167
704.498827,154,348.631092
-898.426336,20,348.662263
-616.261095,43,348.729618
-357.226982,38,348.77774
2900.862299,162,358.15502
-775.937139,31,358.204215
2456.660482,158,358.41294
-558.180081,33,358.459367
-819.769709,20,358.503042
2087.764887,155,358.694067
-673.26521,121,358.856995
525.54167,93,358.975069
916.969356,114,367.866626
3643.143939,174,368.168719
3250.320653,170,368.512597
-575.624407,41,368.58981
2871.858086,176,368.877937
3286.135395,184,369.113208
-540.68519,62,369.189444
-808.578971,24,369.227337
2075.742671,162,377.438341
2843.834656,160,377.644217
915.84907,130,377.808774
2772.733385,134,377.987202
-683.724375,55,378.056968
2607.194788,154,378.253923
-1081.468018,41,378.323387
-1717.79684,44,378.386749
-1019.38479,63,387.55641
-483.809086,114,387.696117
-1129.107376,26,387.743727
-227.352928,111,387.894647
-284.907717,64,387.974489
-819.191237,28,388.015336
-126.263223,77,388.124681
-703.193062,30,388.166497
1711.106152,147,397.465079
2265.819537,145,397.644412
-767.530957,31,397.696031
2794.348547,180,397.916894
2659.829183,145,398.109438
-950.779706,22,398.143254
-591.109813,60,398.218443
2740.896598,154,398.434532
-235.984437,43,406.658498
-298.376353,96,406.839408
1695.861052,119,407.048129
2516.441167,143,407.286926
2261.952533,141,407.519495
1882.29272,114,407.708139
693.950434,113,407.905447
-727.824475,41,407.978559
-564.210973,32,414.472161
-769.607119,61,414.547728
1844.026766,130,414.718711
2326.696363,181,414.944134
-4931.597492,922,416.121845
2874.036072,163,416.345021
1911.460514,173,416.571484
-809.354832,28,416.608172
428.889772,73,425.919637
1355.501024,134,426.09284
1704.579638,157,426.286266
-998.881303,20,426.316725
3614.184409,199,426.571595
-1066.338459,45,426.629206
718.829404,97,426.770175
190.88745,140,426.971637
-817.521571,42,435.797502
2418.828791,156,436.099591
1454.667595,135,436.356592
1493.865088,148,436.594496
1997.176681,157,436.794314
1617.91215,134,436.986269
-1471.944333,82,437.083653
1114.493206,141,437.265548
2071.341771,111,445.221992
757.56294,85,445.334538
-209.92238,57,445.417221
2597.303268,127,445.581183
3090.507459,144,445.774029
-1029.626026,55,445.864129
3214.330462,175,446.094104
-838.412209,30,446.133154
-913.639415,27,455.085769
1312.915661,139,455.25592
3367.174442,175,455.495963
1029.58123,112,455.663219
-779.140354,29,455.70101
3207.044168,146,455.889606
701.831793,157,456.083212
-890.294291,61,456.173684
-702.317559,26,465.267711
3098.44908,198,465.52672
903.871458,107,465.662601
-956.843514,25,465.696415
3201.058748,150,465.89096
3551.43149,188,466.146097
1750.839052,119,466.292552
3732.192551,192,466.539266
1374.838945,118,475.487485
2502.528318,136,475.761142
-461.621255,83,475.905434
2892.442271,166,476.219452
3061.517699,173,476.548689
982.156095,198,476.830995
-918.981418,20,476.871527
3465.457655,187,477.09665
1053.008463,101,485.176623
2357.163685,150,485.364587
-473.388978,37,485.410732
1442.282996,109,485.565804
-1165.966413,25,485.602122
-1603.99524,71,485.692061
2719.816378,140,485.875214
-959.126442,25,485.911421
-988.148376,60,494.867022
-950.109496,30,494.913421
367.615563,53,495.012254
-485.390366,51,495.08349
-90.628131,62,495.165846
2288.399674,136,495.339604
-780.491339,51,495.412217
2120.020701,138,495.580591
-794.287568,33,504.728405
2941.062422,150,504.930226
-624.531012,62,505.008691
-744.442425,78,505.110112
368.704376,70,505.227103
-332.429436,118,505.37456
1951.127592,160,505.600026
2042.272268,158,505.802758
-1653.767272,103,514.015145
-1134.92595,108,514.2092
-755.906084,154,514.463099
2179.477003,147,514.730417
-952.926478,15,514.773615
2217.397906,122,514.982202
2856.781028,167,515.260836
-812.624742,44,515.337793
-685.956276,53,523.781581
2893.615338,178,524.023034
534.641528,105,524.160787
2957.497861,153,524.363882
2826.399584,160,524.577288
-979.023092,26,524.621336
1903.819304,124,524.778231
-806.932351,63,524.858021
2061.622359,106,533.976788
-992.508776,36,534.029542
-322.838406,57,534.100928
-1202.448069,52,534.16336
-894.491038,30,534.20204
3217.035666,175,534.425643
3385.866982,175,534.655632
-987.755507,39,534.709444
-889.409051,141,543.90611
1920.718346,111,544.052659
-539.602112,40,544.10091
2881.679053,129,544.258204
2981.291841,176,544.496721
1904.356074,140,544.679576
3231.989733,168,544.891027
2175.681693,139,545.078689
1837.220169,158,553.289642
946.949901,115,553.430596
3895.081059,238,553.815437
-586.125215,44,553.903091
2690.291799,128,554.129284
1880.280506,134,554.359091
3078.483635,184,554.692462
1555.533012,134,554.976662
1503.930275,118,563.672894
972.657075,140,563.847496
2167.0499,129,564.020535
280.124497,117,564.165115
-890.650532,26,564.196521
-901.880947,107,564.343755
-907.435838,29,564.399593
3631.23248,212,564.669715
2436.517808,147,573.736749
2499.338801,135,573.936942
-1058.515159,28,573.974923
-623.205149,91,574.087732
-517.726853,90,574.220962
2947.172586,162,574.427041
2575.48648,155,574.616381
3334.576848,164,574.825302
2279.917188,138,584.067615
2810.164429,188,584.310186
2095.065458,132,584.480447
2448.899787,153,584.688852
2457.12762,146,584.880793
3327.91989,171,585.103146
-717.115076,34,585.148015
1350.958749,128,585.30559
2693.895365,146,593.45994
2058.057755,122,593.62684
-703.410548,49,593.684445
-970.876295,41,593.737211
-1082.202206,34,593.788927
3135.226544,184,594.103614
1512.671189,299,594.632846
-1273.586812,34,594.6928
-638.755219,160,603.625783
2138.303074,136,603.803487
3256.923219,218,604.078573
2867.504142,146,604.271463
2386.236286,172,604.506269
3322.204854,280,604.858615
-709.599342,31,604.900392
1469.617669,131,605.068781
2523.248814,156,614.188524
2712.158821,147,614.380163
-536.084372,39,614.426915
-1133.579326,40,614.478477
805.999666,61,614.561014
-2077.164437,176,614.783662
1475.646515,125,614.961199
-696.61841,28,614.998564
1958.503864,117,624.242965
2842.7937,153,624.433787
-634.134678,37,624.502019
3463.498212,196,624.759732
2110.857008,126,624.919417
2858.992619,163,625.135261
-923.300722,29,625.172852
2368.379763,134,625.343215
1498.083277,129,633.488841
1083.075118,183,633.72351
-681.005796,36,633.773361
2048.678285,123,633.943194
2983.999166,162,634.193352
2390.616014,145,634.468096
1308.942515,92,634.636592
2938.281355,156,634.918353
-454.373212,67,643.801851
41.283319,220,644.085231
-519.118488,46,644.147011
2498.695376,141,644.328966
3563.78957,195,644.578835
2726.135982,148,644.774521
3571.571183,161,644.981919
-472.975667,124,645.148895
2308.732956,142,654.327178
3343.84095,189,654.574041
1687.316601,104,654.707339
1843.289802,117,654.866355
2816.116441,268,655.210809
2448.975868,140,655.403606
3396.959859,201,655.6545
2593.185801,125,655.823834
2988.75607,162,665.142998
-776.614457,127,665.311877
2374.424305,142,665.484659
1702.130971,143,665.671233
2739.808538,161,665.886038
-1639.841216,141,666.092744
2062.523518,136,666.264335
2005.583955,106,666.405255
3214.749584,160,674.482098
-1148.691868,19,674.51751
2341.892732,129,674.734426
2445.710354,135,674.974718
2769.217439,146,675.226615
2699.722098,168,675.523154
2671.016968,167,675.799723
3188.505969,210,676.177433
-275.11009,139,684.896453
2025.5507,131,685.095815
1901.194427,119,685.242747
3393.738291,174,685.477313
-1016.0957,40,685.53218
2299.875172,143,685.720893
2772.852668,153,685.924235
-1221.919346,48,686.0046
2419.552031,138,695.222844
478.923794,202,695.477418
379.521986,87,695.603714
-360.568844,63,695.687844
2146.221919,149,695.884896
899.833679,109,696.01842
2380.805653,174,696.237329
-1314.749948,37,696.291822
2856.843307,158,705.355273
-592.360331,28,705.402685
-3035.172294,122,705.557667
1934.217945,120,705.715846
2263.269679,142,705.902249
-541.370194,47,705.960438
2943.410762,188,706.221122
1356.069378,115,706.360613
-1004.598763,18,714.263554
-728.069442,28,714.29846
3230.839318,174,714.542652
2932.407173,147,714.724352
1813.495591,148,714.922223
-878.820986,44,714.980215
2477.550758,148,715.17729
1706.556058,118,715.395858
2414.891374,139,724.584577
-2553.807413,149,724.774401
-733.259012,40,724.832471
-301.914556,60,724.913343
-604.733221,32,724.957889
-383.866147,126,725.139511
3029.164401,257,725.466494
-868.16039,24,725.498037
2418.39564,141,734.736066
3812.699738,211,735.018956
3115.477601,175,735.243908
-1008.39538,54,735.312157
1638.705222,96,735.443526
1749.559004,118,735.592039
2012.978423,132,735.779832
2065.967638,141,735.951634

-515.309275,44,283.75344421901.552159,150,284.4070721-585.456849,155,287.7280381060.334092,109,287.907993
2386.782575,150,288.29170922224.863862,137,288.724705
-818.838992,35,288.841163
1796.423988,127,289.21282268-129.098064,49,289.373177-91604.15506,143,290.756438243137.210817,163,291.223307622353.073493,142,291.671872980.939005,168,291.840214
2761.383657,172,292.340718
-1367.092222,46,292.47224
-984.734021,31,292.583795
727.503929,113,292.928176
-790.86739,54,293.074674
-112135.083087,199,293.582882
-275.333156,55,293.756561102067.338973,129,294.154376
-985.000687,29,294.237603141480.070808,156,294.71816459.778303,98,296.811016
-664.879404,35,296.927179
3239.108654,186,297.547787
2301.961232,178,298.366915
952.163681,73,298.683877
-787.310661,31,300.508765
-823.584065,61,300.80025
611.002936,103,301.186336
318.094516,91,301.456956
767.476946,72,301.689809
-1203.297951,42,301.824638
-760.78281,66,302.011705
-949.41783.572447,131,302.1832.4857,109,302.449286
1460.32203,112,302.774429
1568.621663,135,303.203171
2319.466742,211,303.809987
-594.15687,34,303.909935
1372.137862,121,304.289202
1824.404227,174,304.783119
-888.910485,35,304.904007
2187.855421,131,307.344064
-763.678429,42,307.473348
2468.816371,136,307.879001
-806.716625,35,307.990954
-124.332431,55,308.149223
717.08773548.75705,223,308.2830.581309,167,309.916484
858.172636,220,310.58451
-428.822575,44,310.711362
1565.240079,160,311.305753
3429.537622,183,312.076584
-815.020634,30,312.226042
-1139.7583763.029762,159,312.866377
-1126.22709,48,3132144.50301992.800764,151,313.760567
-958.569453,22,311609.23379-1039.959504,110,314.448478
1778.936427,180,3118.107209,-882.906927,60,3654.312864,2645.907448,153,317.567336
1075.258733,138,318.020035
-1045.925409,38,318.131323
-1048.814785,32,318.234837
-1157.359328,31,318.325565
1331.66873,152,319.813584
-1033.638345,21,319.897
1609.254658,176,320.416352
2979.547503,179,320.966731
3837.091908,195,321.562312
2271.408226,135,321.955721
977.296385,125,322.341364
-1173.857704,53,322.488338
3006.199423,142,322.898437
-628.754396,32,322.991999
-1075.342496,30,323.075658
3091.87482,164,323.597209
-685.730025,26,323.670288
-441.13014,35,323.767528
2537.935733,189,324.349439
2173.692121,136,327.535383
-861.323064,55,327.788493
-700.775834,58,328.048815
-463.250073,48,328.188362
2936.099304,176,328.7406
2142.794421,209,330.326723
2084.780739,132,330.729205
3904.187555,227,331.397321
167.682288,76,331.625199
3571.293335,188,332.206871
-930.161085,26,332.287341
1011.510911,155,332.781818
1384.629315,123,333.167626
-855.30682,39,333.283284
-691.174191,43,333.415378
1894.145068,179,333.945096
-526.369904,65,334.13886
-1072.207225,77,334.365443
3493.911763,215,336.955925
3544.155079,193,337.516639
-668.746906,29,337.595359
2269.498012,165,339.566413
482.503378,122,340.057373
-1104.676938,26,340.200263
1815.502235,141,340.862852
3192.767085,231,341.797032
1773.065692,128,342.196678
2749.035712,198,342.81151
-378.966202,40,342.927653
-556.429516,46,343.051967
1713.306057,177,343.593894
2447.276237,186,344.123306
2663.492304,160,344.607041
-673.053923,45,344.729417
2819.085838,190,347.168632
3404.145858,178,347.695098
-979.917154,30,348.836373
2759.291358,174,349.330594
2746.435816,182,349.880327
-809.424786,30,349.980998
-950.879015,24,350.055447
1248.371842,59,350.234249
-914.829308,28,350.310876
2074.187053,160,350.790749
-1286.204698,63,350.960378
-939.273919,52,351.124762
-199.258356,55,351.294942
-820.458228,38,351.403773
3726.645193,168,352.106404
3252.044049,193,352.908999
1475.860434,131,353.459947
3019.498991,193,354.348845
-773.692844,30,354.491781
-645.225801,56,354.73345
-747.663973,26,354.851313
397.140291,106,357.305091
3183.4338,231,359.01926
3566.242492,192,359.603415
-1144.740749,56,359.76897
-757.148894,30,359.85371
2780.768281,174,360.425825
-1048.384439,31,360.527009
2639.373391,147,360.95978
2903.989855,169,361.476254
3728.578119,195,362.0296
-817.027871,36,362.131576
-771.248771,38,362.236218
115.622679,82,362.506631
-972.405014,40,362.62885
-494.042303,52,362.770638
-1054.516695,39,362.90769
1224.496658,107,363.228046
2249.008766,133,363.641822
-647.969965,36,363.761209
673.433276,162,364.223522
1583.557379,140,367.102401
-536.446575,34,367.239909
-752.581385,32,367.367955
1751.994412,103,369.367445
-810.050724,42,369.492073
2622.092183,150,369.946911
-823.151103,26,370.043079
-1034.409927,17,370.098029
1003.845203,168,370.583241
575.362972,109,370.905275
-404.169214,92,371.1887-3074.000629,1166,373.843178
813.27503,113,374.201545
1146.336942,129,374.581991
-835.53785,22,374.649706
3766.721549,215,378.499146
-799.887009,48,378.634634
2732.897509,169,379.312332
826.931904,186,380.084604
2925.419291,211,380.964511
-593.462708,54,381.202507
-1067.439074,26,381.324114
3659.647945,268,382.440063
-1124.730807,40,382.570018
2102.590168,166,383.055219
-2632.781626,114,383.418618
3635.724435,224,384.112753
-1051.85008,27,384.196167
3231.036249,171,384.723429
1683.330745,139,387.122142
-821.733462,82,387.348867
3248.975515,224,388.698606
-189.939102,109,389.065402
1223.079836,124,389.421274
-1275.893944,49,389.573064
2740.66569,158,390.060825
-372.173833,74,390.267463
-730.782643,46,390.4179133822.141846,258,390.992927
1960.775092,146,391.413591
-1399.707595,55,391.581614-2830.407138,179,392.103221
-1081.747498,37,392.22958911989.498776,152,392.847489-1955.168413,147,393.468856171505.92104,148,394.06819731762.997426,123,394.56126
824.837052,197,398.751778
-2390.861511,153,399.195041
2978.032258,241,399.919218
-719.669639,38,400.02421
942.250968,133,400.421253
957.457664,114,400.77251
-928.718455,40,400.88626
-1206.371577,77,401.112211
-2481.090776,231,401.832714
2817.588789,172,402.325656
-1018.180258,39,402.44852
-942.145203,79,402.687551
659.11054,139,403.111399
-1750.66806,59,403.280582
-465.251802,43,403.417791
3135.302154,195,404.032443
3082.227799,160,408.058418
3104.680413,180,408.886792
-170.652646,50,409.131931
2294.450966,159,409.672722
-866.783103,59,409.84686
-88.693703,87,410.121327
-1204.150833,40,410.238966
-527.360225,61,410.418687
2684.283922,196,410.984086
468.225499,140,411.419662
2348.686212,166,411.886871
1741.982908,135,412.288627
-442.12174,48,412.439802
-862.020107,29,412.526948
1347.632701,141,412.925802
2945.393815,168,413.452139
3240.709434,206,414.055909
-803.828178,39,414.190168
2309.144942,128,418.734528
3433.888904,181,419.255426
1448.922387,124,419.828653
-883.812217,33,419.971813
1397.046838,118,420.508522
-586.105939,114,421.000369
-837.193686,34,421.175362
-264.899584,48,421.364929
-144.740807,95,421.781728
621.910293,131,422.372108
-7702934.542782,159,422.781552
-3742.875264,175,423.346064
-451.208341,38,423.459433
-721.883424,31,423.542423.969386,164,423.924779
75.627598,123,424.292705
121.8701430.648022,170,4242145.0667-370.211129,124,4242275.357034,166,425.400228
2584.797148,173,427.090195
896.54638,71,429.187692
723.41361,65,429.384928
-1329.263051,44,429.51895
1900.520748,144,429.9864
-581.716069,43,430.127725
342.385356,218,430.753756
3044.234862,174,431.296942
3725.988004,286,432.131689
2839.848937,207,432.71206
3542.57969,178,433.460718
3261.185769,196,434.293512
2051.889958,181,435.022391
-1310.332325,107,435.507782
-713.680462,27,435.636444
2908.354943,191,439.670684
2211.712942,130,440.061698
-1180.459936,64,440.250157
2905.314029,197,440.824861
991.85504,138,441.228668
-918.161547,63,441.41688
3665.502094,202,442.027404
1466.677133,131,442.390782
34.871367,69,442.578737
1068.603073,124,442.961783
2301.514414,148,443.401697
1132.151623,129,443.789195
563.104544,137,444.201709
1802.58519,116,444.534587
3478.837552,228,446.286801
2679.509626,141,449.645693
2320.918986,204,450.281862
-854.065066,93,450.546843
-1154.373482,50,450.68887
2329.324762,161,451.177299
1290.196244,73,451.395006
1603.595331,122,451.750699
3048.955383,201,452.341465
-460.589003,48,452.47299
-1086.448031,22,452.558262
502.38435,178,453.081427
3242.17159,196,453.655626
-792.813748,90,453.921827
3003.85607,219,454.585888
3379.723011,207,456.325287
-406.727567,56,456.511721
-952.722888,30,456.597732
2691.630278,170,459.063564
2031.094121,152,459.502968
3179.974757,194,460.294243
3233.037016,187,461.114507
2448.552301,184,461.873265
-906.968395,30,462.022321
717.663805,66,462.347967
-614.533755,36,462.491478
2666.029166,163,463.193784
1673.020124,140,463.594809
2422.603208,165,464.134011
3726.78159,172,464.625286
-863.214187,29,464.711161
-1759.148574,97,464.996758
1807.298618,172,466.828746
3328.808616,160,467.319949
1891.626318,140,469.80514
1511.980319,128,470.18758
2652.851942,166,470.681033
304.514575,130,471.052404
1789.334057,129,471.439023
1812.750259,97,471.73003
194.117768,101,472.020128
-913.801932,113,472.353535
-810.285927,32,472.455277
986.209553,156,472.90602
-475.084165,55,473.072824
3146.563822,175,473.869162
2426.269299,164,474.577332
2369.751269,137,475.165674
-929.676104,40,477.175284
1736.617796,161,477.627213
-530.362218,64,477.837149
1231.027814,128,480.179011
-1156.455401,19,480.236584
1503.23508,128,480.599478
-945.312396,21,480.661474
-1192.651059,33,480.762937
-664.365191,58,480.939291
-1030.461808,119,481.296702
2910.04118,215,481.948503
-1067.131245,40,482.072836
2878.470677,195,482.622598
1130.608194,146,483.071014
966.479101,134,483.466309
2834.665024,191,484.053171
2202.443245,127,484.430529
853.073563,92,484.696462
-1056.219514,43,484.827595
-829.930588,20,484.898883
-1037.020967,82,486.019954
1286.955626,102,486.343287
-1017.601931,45,486.48609
-734.741507,52,486.655294
-374.28239,54,486.897623
360.698457,264,490.452924
-1155.18607,45,490.594226
-1449.867591,38,490.70404
-1107.455919,49,490.856709
-1028.718257,45,490.982458
-1190.619377,67,491.181211
1551.659394,125,491.562473
-443.702906,67,491.761891
-633.90108,42,491.878323
2217.411261,126,492.242762
2320.011983,136,492.668081
-530.992432,71,492.87993
3564.564129,358,493.941208
-893.303645,117,494.282732
2946.242351,186,495.68665
2899.56619,178,496.212952
1670.761529,124,496.572627
-855.485168,42,496.70537
1780.22386,218,499.249759
1503.016242,141,499.673561
-967.433861,40,499.7992
3766.785868,208,500.655916
2993.442672,179,501.43978
2735.253059,144,502.066441
-910.282404,21,502.165969
1805.133822,175,502.980726
2880.354551,192,503.733219
1840.774763,163,504.224208
1216.368526,100,504.526851
3030.778852,188,506.209455
3026.504383,178,506.75769
2616.211701,141,509.078488
-324.305272,142,509.542163
250.494322,172,510.047961
-1122.686217,34,510.145519
-823.600051,32,510.236099
2463.723773,138,510.660676
3165.278104,174,511.146036
-1446.768338,104,511.462687
-1034.988313,103,511.761071
-551.778196,167,512.246333
2943.267126,174,512.767317
-884.274601,107,513.078949
-848.448597,28,513.165873
3118.871104,158,513.793574
1820.043349,135,515.874725
-3997.477378,1416,522.329297
-677.094191,40,522.442105
-1056.705948,22,522.52182
-1494.267157,60,522.70127
2723.234642,179,523.237429
-977.921533,27,523.330541
2406.200535,125,523.694935
-997.406745,62,525.043734
-459.636809,37,525.155787
938.051422,113,525.535998
2458.548127,183,526.067413
1606.976469,164,528.959788
2989.842115,174,529.78467
-1402.085324,87,530.212972
-1005.362072,37,530.348408
-171.561732,57,530.514472
-314.288099,90,530.795248
2447.26609,137,531.213337
-944.132503,24,531.284966
3182.391585,155,531.754472
741.465206,95,532.031064
2015.901367,127,532.399571
1583.924042,115,532.765477
-1329.96522,43,532.902838
1507.421887,104,533.216952
2255.304648,155,533.675542
2552.683625,204,535.194767
-1550.087364,55,535.352931
590.130651,113,535.680558
2183.88806,141,536.120129
2981.259001,183,538.541135
-1275.326758,58,538.71576
3343.76669,223,539.391997
-139.299516,70,539.591785
-805.138199,49,539.733879
-686.168215,27,539.811766
2758.896625,157,540.330198
-895.194151,87,540.717107
3490.68281,210,541.63215
-642.638331,32,541.752801
-151.155587,90,542.120107
-1333.619134,32,542.262172
3096.302473,182,543.087902
2817.998053,163,545.160021
-888.500618,33,545.278242
543.056787,92,545.570244
-1112.606681,33,545.662322
2967.629039,171,546.167975
-654.044531,72,546.396115
-1147.620859,108,546.708287
1578.187879,149,549.186871
-351.531217,38,549.291518
-798.26801,23,549.37496
2580.628739,137,549.78027
2380.516092,183,550.317007
-976.88328,76,550.534828
1477.977858,122,550.920587
-744.182765,40,551.034463
-898.906155,25,551.104694
871.719956,114,551.4273
-963.310403,87,551.700443
1691.221769,129,552.078948
2451.641218,151,552.509711
2634.709584,168,553.012792
-954.620082,32,555.032131
1941.1663,139,555.589736
-1197.920192,49,555.818787
2733.678294,184,556.611864
2636.087715,177,557.363775
1556.650284,134,559.65291
2922.198878,181,560.190411
1931.972979,146,560.618705
-992.225227,49,560.761317
2574.16632,161,561.268948
1327.537288,135,561.640336
1438.641509,135,562.02572
162.568343,99,562.329383
2177.194329,139,562.739992
-676.149507,81,562.987221
2166.250034,135,563.389895
2100.728512,152,564.99224
3267.490289,197,565.576477
2090.322785,159,566.056747
-818.480331,73,566.259492
-606.469876,43,566.385462
-811.254596,100,566.702235
1927.734448,167,569.910314
-1235.483061,120,570.487739
-1060.071601,40,570.602584
-621.083618,66,570.800331
2254.387659,137,571.211609
1617.507311,129,571.574655
-1449.760697,37,571.692758
-1324.297472,59,571.877525
-838.000522,49,572.03507
1286.457619,135,572.422664
2606.617778,127,572.803606
3134.169468,157,573.258086
-574.077818,34,573.351784
2347.921727,169,575.151564
2916.132919,177,575.671463
1079.348335,105,575.995693
-1144.516646,39,576.122782
3224.643975,155,576.563702
3227.295936,233,579.203716
1510.655622,135,579.575178
2988.096827,185,580.120517
-884.952735,26,580.233635
3011.183231,166,580.862786
2361.687514,169,581.544809
-1006.394764,45,581.729387
1752.956432,230,582.720425
-1111.192708,25,582.852898
-650.417051,48,583.078922
2926.303691,144,583.763286
66.585804,94,585.567813
-723.990418,28,585.65495
3048.503526,189,586.197808
-972.191063,104,586.530593
810.167673,83,586.790437
-700.169218,30,586.89037
3136.48734,189,587.438955
2121.720097,178,589.904286
-1013.343982,55,590.061664
-676.399181,117,590.412553
-1031.402522,40,590.521254
238.390958,55,590.707157
1740.696872,138,591.133102
-103.569039,106,591.453757
2271.528873,137,591.870582
614.09066,227,592.528444
3112.233946,198,593.134364
3370.812364,235,595.493498
2435.104882,177,596.256493
-1174.620897,37,596.438074
2273.359538,163,597.170812
2789.263197,168,597.751601
-965.899631,39,597.860807
-642.699752,32,597.962927
-854.677288,30,598.062911
2408.752311,141,600.37204
2202.194128,168,600.861327
3165.096362,178,601.38987
2139.392652,169,601.878677
2367.165265,165,602.388669
3814.782873,205,602.989846
-1096.103927,24,603.062709
2622.590093,153,605.184668
1180.608814,106,605.495372
2822.106582,187,606.068942
-883.697515,35,606.166223
2578.889156,199,606.762259
-1126.942192,202,607.354294
3017.96483,188,610.828703
1879.014706,161,611.320048
3647.139918,188,611.864293
2907.341396,156,612.332705
-849.218434,24,612.41197
2041.609394,174,612.926745
1854.632058,129,613.342728
3038.233354,186,613.90418
2860.158903,194,615.514735
1070.849445,126,615.890439
-199.012829,45,616.02566
2720.167901,142,616.452323
-424.344228,49,616.61811
419.374273,129,616.99885
1814.156304,169,617.497406
3820.435303,206,619.991938
-993.541333,34,620.092665
2364.802889,147,620.547314
2496.19459,140,621.148458
2448.67921,143,621.784036
-967.865156,69,622.069086
891.230806,103,622.517838
-953.744272,30,622.664515
-913.674978,115,623.175026
970.224515,119,623.720618
1544.971691,147,625.60467
2956.893662,190,626.177696
-807.649108,39,626.281624
3305.085006,198,626.887762
-4307.128859,1008,631.846203
-1685.65525,62,632.058895
-265.023926,54,632.218571
2860.013567,181,632.751007
1540.353578,123,633.134511
-1070.457303,32,633.229386
-942.81582,120,635.340441
799.976662,110,635.804367
1061.19655,125,636.352378
2969.494399,212,637.364511
1918.493038,169,637.956429
-470.967555,148,638.374015
-978.738375,146,638.834474
2883.427045,153,641.182898
-956.460123,36,641.303739
-873.527874,73,641.509641
1900.907029,126,641.899189
2130.037761,135,642.275114
3396.737706,215,642.906919
1663.220102,124,643.274105
-529.512378,60,643.442203
2415.317785,125,645.279913
2729.535572,133,645.67126
2963.17937,192,646.23218
712.600927,128,646.606731
-1686.842002,106,646.939159
-858.474998,45,647.065274
-830.985059,32,647.17822
-1034.694624,38,647.288106
2294.689199,164,647.925301
-1246.360684,195,648.790965
-698.588145,66,651.526664
3950.599891,212,652.157412
-1022.122964,143,652.590599
1279.247281,153,653.039534
1351.490497,130,653.462665
1261.367536,116,653.814331
-601.415091,97,654.093755
1947.768785,137,656.225268
1507.865195,123,656.636253
2861.848053,179,657.153049
2628.322944,176,657.681242
-1103.344367,21,657.762081
3108.601264,194,658.318676
2603.069759,148,658.77072
2389.951516,155,659.218399
1918.946678,179,662.077924
1807.98282,157,662.707866
2930.819561,157,663.35951
2520.209532,135,663.970493
1504.1384,118,664.522659
-1340.763493,85,664.800064
-1832.775423,83,666.52903
2684.638716,219,667.193507
-2041.25021,172,667.686874
3208.002535,200,668.26201
-956.363365,96,668.547986
2443.606885,240,669.271715
-1103.119036,86,669.517023
-102.577911,88,669.779131
1487.111429,179,672.233027
1766.83504,180,672.753731
-665.427584,39,672.875708
3678.18847,189,673.456437
3016.45407,157,673.926078
2927.257579,194,676.534643
3257.386505,238,677.547374
-786.207805,40,677.766248
1789.797742,144,678.328001
3344.967669,194,678.914727
3418.394193,191,679.479142
2600.947211,183,680.030693
2957.69596,173,680.517309
1750.668863,129,682.814949
-1058.000037,35,682.933005
-1060.339251,33,683.040826
1887.510463,110,683.365259
1914.890264,163,683.855927
-1212.311428,131,684.268758
-1181.829499,44,684.394911
2542.355596,144,686.108014
-909.619569,39,686.2341
3265.800076,202,686.82903
1977.522853,142,687.248697
1412.213352,114,687.600368
1406.6469,122,687.94563
2548.756122,186,688.680547
-706.167713,49,688.915313
-651.83618,42,689.090777
2151.368294,118,689.582725
2328.134305,158,690.209912
-831.261243,34,690.371734
-124.934648,60,690.66972
2394.875681,177,693.445557
3486.818223,233,694.160289
-1034.143061,47,694.293363
3197.239263,226,694.994019
2317.501658,157,696.706179
1831.486453,145,697.121127
2875.720762,211,697.763215
-605.400194,48,697.895545
-153.063484,53,698.064739
-823.376785,20,698.122707
-892.554144,38,698.227395
1749.119753,127,698.61086
1001.533446,124,698.989181
3519.16395,161,699.452486
2307.269495,175,699.971599
-381.140705,60,700.141819
-873.612872,25,700.211943
-1402.923508,98,702.642176
-118.101721,67,702.903009
3078.565592,178,703.629235
-812.645742,60,703.860322
-909.474016,65,704.183638
342.240321,145,704.811093
3465.789908,175,706.693888
2484.550211,146,707.114173
2292.511527,141,707.530124
2733.328527,146,707.941635
1465.342053,102,708.254675
912.108542,133,708.655291
1654.011792,136,709.041861
1680.947938,226,709.723788
341.105679,132,710.099397
-1465.502957,33,710.207847
-1024.09108,36,710.336154
1609.491914,118,712.604688
909.478366,139,713.00236
-4016.737837,533,716.025027
-3222.984329,205,716.902995
-906.321125,64,717.148849
2177.028013,177,717.929777
-1885.640375,146,718.673424
2099.997571,142,719.111938
3373.451398,156,719.569437
2832.414017,177,720.099196
2403.082133,153,720.5411
-702.908417,138,722.870161
1047.801942,131,723.279675
2735.762209,187,723.798963
2469.677054,149,724.259331
-351.87721,50,725.532319
2470.435695,154,725.975989
2284.01747,183,726.531182
1092.505852,145,726.939978
1703.473724,129,727.334999
1243.581318,112,727.66877
739.139521,132,728.054074
3107.012566,147,728.489768
2239.803975,160,729.157516
1720.85243,129,729.697652
-1000.005465,29,729.848927
-2640.414299,147,730.499298
1504.965465,127,733.354929
-634.558924,167,733.860222
-433.046598,129,734.240867
3365.689382,202,736.255795
-718.401107,36,736.361797
-995.901622,1,736.373179
-962.509791,42,736.490901
2958.95181,172,737.008282
1492.031731,125,737.370201
3184.13486,159,737.854384
1627.985468,122,738.207304
2887.698763,217,738.85857
-653.714677,65,739.06373
2193.527712,122,739.411969
3170.800728,162,739.913468
-924.23448,34,740.011693
-648.91424,33,740.103472
-1056.820011,42,740.236217
728.382937
-1076.881682,122,728.80324
1812.016136,155,729.492982
2629.249692,147,730.138847
1112.157723,121,733.100245
2421.637057,141,733.526649
2093.116898,116,733.872098
2282.314484,132,734.267864
3367.823635,199,736.27006
2702.326566,170,736.785719
-930.603913,45,736.921106
2447.926154,167,737.397978
-1220.554801,83,737.642202
-660.934788,60,737.83731
2070.74514,142,738.244893
-2087.188447,72,738.466195
3055.320065,170,738.9899
-793.538455,35,739.091527
2215.193712,151,739.531904
2960.297845,180,740.073713
-647.207785,40,740.199056
-847.713385,58,740.361189
,737.014832
2913.227198,158,737.482699
-559.377933,53,737.627702
2153.633458,177,738.157752
-1225.229927,58,738.329883
-1146.788123,126,738.705429
-797.279768,83,738.967369
-949.088673,64,739.167016
2437.372641,93,739.42311
-843.395817,40,739.55149
2099.133354,143,739.985037
-1394.123811,71,740.20057

-188.181566,135,739.225165
1931.104033,116,739.563947
-923.058648,24,739.63361
2788.956995,154,740.095222
