#{"t_start": 1777891860.1114385, "env_id": "None"}
r,l,t--4296.335831,852,9.802683--4229.532348,1000,11.960713-3-1704.667511,1000,24.660048-1-3698.14454,1000,26.83999
-1690.252504,1000,31.345476
-1533.013956,1000,38.974288
-2441.982974,1000,43.544441
-1587.044016,1000,53.777978
858.294267,744,57.469337
-2304.713303,796,59.160499
-3071.369937,1000,74.801033
-639.023437,1000,76.954309
625.299388,1000,81.507311
2452.357191,347,89.959822
1703.992474,229,90.4631
2593.497495,691,92.376496
2089.437128,998,96.609622
655.260751,1000,100.594615
1125.426843,1000,105.415395
1781.418671,232,106.055594
1461.180723,338,107.115254
2420.481928,362,111.01875.632454.978501,730,112.647789
2574.116281,345,115.071076.759873,1000,116.051411
2551577.169548,565,117.196771361700.088567,1000,122.0822230.2554.346528,652,125.413653
2068.323096,365,126.217493
1856.928942,184,126.61380.350995,1000,128.332274
1990.925398,380,129.176708
1543.91579.241405,889,137.022602.148896,525,137.576428
2897.46106,612,138.895184
1812.31503.192535,293,139.11705.732837.593362,238,1393255.15942907.25967,288,140.3639.2421938.039889,360,142.1313.7963397.560148,559,146.331885
3527.571717,348,147.067362
1523.339907,132,147.359758
2109.076115,484,148.426331
2524.458517,369,149.235866
3560.477407,294,151.624343
1198.26533,255,152.173283
1448.593845,249,152.753888
1823.944054,132,154.964698
2179.292675,141,155.259323
2894.065021,307,155.948675
3079.241619,380,157.060261
1462.828332,157,157.502932
2694.817349,179,160.174779
2200.542923,287,160.781168
1802.931409,364,161.557811
1256.581122,108,161.783812
2720.165292,174,162.171662
2212.409716,207,162.63362.722366.392641,166,164.461596
2464.052624,133,164.753943
3830.908612,343,165.549538
1323.96016,352,168.218252
3578.300103,380,169.035962
1896.653346,317,169.991402
2362.757136,117,170.361817
1439.106895,239,171.034855
2084.000118,204,171.692721
2437.849061,245,172.320456
2230.888782,173,174.2911
3024.981635,183,174.694724
2906.816019,163,176.766595
2787.556122,156,177.104735
3392.086207,328,177.817276
1690.25103,214,178.492375
2460.695636,205,179.002516
3621.435716,290,179.631012
1992.136626,148,179.961893
3360.655797,385,180.837806
1517.759821,183,181.235821
2193.282178,127,183.646356
3248.684388,183,186.043501
2032.067384,260,186.59495
2161.216394,125,186.860374
3082.438354,180,187.273942
2568.639947,135,187.582293
2836.151638,152,187.896847
1207.209365,85,188.089057
1785.324649,250,188.622039
2843.581592,154,188.937282
1548.078666,171,189.319913
3632.346719,248,189.834599
1962.868823,236,192.165654
1613.946726,78,192.353613
2987.814248,182,192.737034
2673.824541,178,194.589619
1500.819468,301,195.384161
3436.521973,187,195.929747
2363.664127,158,196.38947
1951.372594,148,196.82781
2597.669137,223,197.500058
3620.747881,280,198.270751
2005.074255,140,200.436811
1618.913887,125,200.719598
2748.954434,203,201.150947
4033.460866,172,201.511341
2644.501705,134,201.820776
2681.199605,215,202.279615
2007.645918,123,202.542704
2499.047435,112,204.056795
3393.641423,210,204.496631
3017.565303,181,204.91791
2105.139036,101,205.131293
1897.049562,143,205.430899
1759.380499,133,205.70737
2429.701048,166,206.074439
2389.37525,101,208.009989
2556.696225,132,208.428535
2699.615148,172,208.911563
1473.310587,126,209.288101
3196.281512,140,209.691176
1892.421478,97,209.958364
1959.32625,97,210.282594
2042.361831,160,210.80888
1786.219202,106,211.111541
1648.529385,98,211.336254
1819.943758,112,211.571872
2287.43719,103,211.796772
2212.210478,82,211.968364
2302.160149,155,213.503038
2283.266263,133,213.78703
3084.028966,162,214.137136
3003.21124,234,216.373757
3474.331952,217,216.845107
1479.604837,98,217.057986
1925.958688,161,217.399701
2260.058004,130,217.692798
2255.215741,102,217.905225
2605.71294,178,218.288169
1838.237561,73,218.443885
1560.76974,67,218.601324
2057.003967,87,218.789452
2664.73695,154,219.123004
1369.053152,61,219.253445
2313.560014,197,219.689138
1741.88533,109,219.913365
2867.019784,151,220.250307
1457.959947,103,224.232465
3888.792342,196,224.655739
1373.163434,96,224.873282
3314.235221,191,225.291584
2239.655155,101,225.504086
1832.259991,117,225.770867
2313.334022,167,226.150298
1980.977144,88,226.329583
1431.2182,70,226.479581
2249.015017,135,226.755496
3021.955509,190,227.182104
2469.748546,132,227.462563
2495.932292,124,227.72571
2374.8313,95,227.938887
2025.303443,158,228.278214
2842.293928,172,228.640466
3434.17418,186,230.731721
1466.542242,76,230.889932
2929.300648,196,232.455772
2625.076664,134,232.74079
2180.018006,118,232.994228
1213.706793,106,233.232441
3324.731025,155,233.565536
2775.976233,134,233.874977
1761.747412,134,234.308839
2948.351852,161,234.774767
3248.679004,149,235.203059
3812.384287,175,235.710394
2582.744404,139,236.167652
1374.210758,55,236.342302
1304.210214,117,236.739047
2185.597173,81,238.717674
1826.119335,67,238.860853
3197.44576,139,239.174041
2657.28321,140,239.481604
1819.328909,89,239.672005
3053.100649,125,239.941391
2621.302674,123,240.216058
1906.346318,99,240.423266
1576.114706,68,241.897561
2987.420369,156,242.225494
2377.289024,158,242.559819
3324.408053,248,243.108617
3310.735623,158,243.439039
3578.041562,175,243.829681
1275.483681,89,244.00971
3029.608538,150,244.338157
1199.89877,64,246.223092
2875.709536,134,246.513786
1725.305017,98,246.752867
2815.672992,141,247.163827
1361.669737,90,247.423875
2681.621026,163,247.898775
1555.779658,74,248.110474
2162.356314,95,248.3731
3089.545279,153,248.80765
3974.903995,169,249.362317
2849.451193,137,251.085321
2348.763407,134,251.367109
3279.302221,146,251.678916
1482.449997,86,251.860715
2670.45856,107,252.105491
1760.701931,127,252.38082
2778.44057,138,252.679487
3197.359828,140,254.675182
2676.104714,120,254.932595
2225.443494,106,255.168687
2253.851139,80,255.340405
1637.091724,62,255.470068
2287.828604,129,255.741995
3230.48649,163,256.092252
2930.273251,204,256.537852
2597.742791,119,256.794348
2700.951749,129,257.066082
3690.921519,145,257.396105
1769.351258,97,257.601293
1260.81598,54,257.718237
2457.7327,113,257.959251
2076.750613,120,259.446244
1622.806261,76,259.610848
3204.312729,182,260.093565
3395.81894,162,262.980092
2887.140185,165,263.336139
3026.032269,146,263.663996
2595.474281,120,263.924323
2004.773922,119,264.184762
2076.562604,102,264.404081
2683.705665,123,264.687778
1416.213135,55,264.805855
2198.468303,114,265.05289
3398.058697,150,265.371302
1366.327332,105,265.599526
3752.468277,168,265.976211
1572.871758,95,266.174748
2635.404544,130,266.448112
1780.845945,78,266.612501
2783.428617,151,266.9498
2994.118986,134,268.961234
1373.567802,66,269.097738
1304.939324,65,270.171369
2139.145708,119,270.426272
1346.018396,80,270.600035
2546.559349,120,270.856203
2101.294883,118,271.133839
2104.993777,106,271.358597
3173.602105,126,271.629535
1269.777088,92,271.832864
3660.169954,204,272.28649
3662.976349,206,272.719396
1623.906291,63,272.925398
1914.540924,80,273.184153
1485.337425,71,273.399071
2791.2272,156,273.846453
3491.659824,180,274.391214
3405.451968,192,277.064714
3035.182172,168,277.434912
3349.378952,129,277.708032
2176.280143,101,277.922609
1938.330549,80,278.08648
2973.129465,132,279.613134
1420.59599,104,279.838197
1453.747567,52,279.953972
2333.830717,123,280.213864
2829.607442,117,280.483964
1167.921589,82,280.655612
2106.019973,75,280.817645
1807.434028,84,280.990427
2827.635876,150,281.312345
1962.754276,106,281.553631
2598.922782,120,281.80895
1413.903273,53,281.920373
1219.74094,38,282.013633
2401.904615,113,282.256278
1646.429791,72,282.404285
1859.749237,69,282.567793
1234.300026,45,284.345244
3535.274797,182,284.742941
1782.539083,65,284.882789
2806.625086,127,285.146349
2511.688028,134,285.427789
1470.338075,75,285.604193
1742.794009,77,285.825468
2950.907772,137,286.235461
1206.675793,48,286.373926
1598.852519,75,286.587106
3475.402448,181,288.490964
1934.287293,86,288.744244
3105.803518,131,289.020924
2136.698749,84,289.205942
2995.985977,130,289.481264
2492.580329,97,289.686935
2590.265642,95,289.910972
2797.152494,133,290.194101
1193.679304,46,290.291229
2283.473114,104,290.519427
2443.476561,109,292.636609
3846.2474,181,293.042743
2592.758546,149,293.355372
2389.767624,114,293.597537
2796.30725,117,293.845707
1831.622946,76,294.02374
1764.164297,61,294.158865
2988.712185,133,294.439571
2172.7242713.145017,144,2941331.69282895.994668,143,293087.391051532.394486,48,2951565.24901950.02362,87,295.2045.2692003.295394,69,295.43462.597802,169,296.795903
2232.171373,94,297.005151
2666.303847,108,297.252863
3166.591161,125,297.514791
1208.993155,54,297.627795
2203588.55199,176,300.136862521781.075203,114,300.484803544.784002,179,300.869242
1964.06284,89,301.144481
1564.789995,58,301.328954
2778.287568,125,301.737012
3915.552219,169,302.098377
1575.525253,59,302.219543
1895.27306,80,302.399098
3386.419362,151,302.730344
2008.233578,80,302.901019
2992.211792,144,303.21381
2076.505416,94,303.409081
2095.297374,105,303.646705
2093.466001,82,303.823007
2791.384309,123,304.096804
2504.923817,125,304.361515
13315.715414,204,304.608916253329.483492,157,305.7962123519.459422,169,307.776497
3476.893677,132,308.059664
163284.528512,134,308.336484342936.895887,148,308.6561351409.28214,114,308.843591
3583.231442,146,309.160524
3719.136222,152,309.484188
1493.316448,56,309.60724
2239.622867,117,309.860596
2821.87846,140,310.165941
1651.587784,100,310.384682
1236.138068,48,310.48416321878.012147,83,310.6563212904.064502,132,310.870752
3929.08233,161,311.218945
1756.217234,74,311.379824
2990.297335,126,311.644365
2592.495329,91,311.951501
2686.994048,118,314.588738
3381.029465,164,314.936598
2526.976638,112,315.20217
2861.409865,118,316.560027
2244.231828,103,316.774363
2384.277734,87,316.959807
1791.26251,58,317.094427303036.524388,115,317.3541421540.187887,91,317.546585
2922.843446,114,317.789313
2002.991956,86,317.979648
3694.966673,162,318.343013
2546.933305,121,318.602678
3673.347418,179,318.82159612114.46128,93,319.016468
3073.720767,132,319.320862
2240.31036,121,319.574876
2364.434484,99,319.789645
1958.074352,72,319.95046932111.393394,85,320.128345
3939.416086,178,322.300666
2540.229463,107,322.535933411749.531017,74,322.691868262340.4069,84,322.868866
12101.943013,73,323.0156612965.660981,130,323.229277
3138.507265,127,323.51458213401.901409,147,325.102392822887.575144,159,325.592445
2250.95109,100,325.873896
1468.589312,66,326.06108352324.40054,108,326.397249153051.07473,155,326.871463
2980.771781,140,327.305123513157.520548,154,327.757133322332.539074,97,327.963703222115.584764,98,328.180542
1406.455392,54,328.296093272324.290982,105,330.3431293050.331614,124,330.494153
11926.016344,112,330.746243281784.702811,97,330.94364523062.172065,116,331.20177211393.190557,53,331.31644111485.349878,56,331.43040332513.33513,128,331.705708
2568.911984,134,332.008564
2661.352566,95,332.20927422263.334149,88,332.394249
1729.463414,82,332.576208
3395.043346,157,332.8422272480.935163,94,334.166332
2888.517336,119,334.418606
2444.150118,127,334.681053
2247.306371,79,334.849248
1760.986548,77,335.035453
2454.608618,108,335.267604262540.467457,126,335.538514321900.786199,107,335.767202182224.199219,98,337.768683611665.113296,128,338.165816012627.363911,132,338.537433211852.14066,90,338.7961292517.896041,128,339.14496712526.55552,99,339.44073411564.750274,74,339.65844621433.974575,102,339.987238292592.558401,117,340.392917241964.987304,120,340.744893292729.64052,127,341.01732822367.725653,95,341.229371
2656.756475,109,341.480126
1289.344312,50,341.584406241377.107552,61,341.716828182663.675233,113,341.954412581715.810923,67,342.100559222721.885935,111,343.225519
2148.533668,99,343.47721
3493.0764,181,345.604437
1671.812867,82,345.784363
1478.091187,62,345.912639
3131.716688,153,346.261352
3684.10534,140,346.571043
1715.588447,72,346.722652
1476.382601,48,346.822237
1724.033986,115,347.072507
3409.058835,129,347.345664
1437.203629,60,347.468763
2770.971288,134,347.765869
2697.98095,98,347.972102
3479.296758,161,348.320414
1583.71512,63,348.4533
2101.033906,85,348.641885
1642.911049,67,348.787627
2285.495398,97,348.986152
1722.82168,67,349.131924
2970.30231,137,349.422295
2374.200678,114,349.679452
1409.5053,64,349.810295
1641905.191146,105,349.9602620.3274.192307,139,352.5052568.28798,91,354.148156
2104.1981.475602,119,354.392131.72271.431398,80,354.563156.73154.172055,133,354.842076.177347,72,355.002352
1991.43190.883227,133,355.21610.643043,105,355.413105
2215.0546,84,355.592711
1912.159786,84,355.770596
3504.050451,158,356.117368
2451.430649,115,356.3627
1937.449631,89,356.545218
3441.168186,143,356.843756
3227.167413,134,357.141552
1504.986132,61,357.273301
2628.338949,124,357.531756
2425.087284,127,357.802117
2906.329802,116,358.041887
1480.201918,51,360.002909
2851.38306,137,360.314131
2525.209366,108,360.540282
1709.291249,72,360.688681
2173.914144,132,360.971413
2702.160773,112,362.512663
3905.327778,143,362.811576
2170.504118,103,363.027012
1879.843829,81,363.207596
3137.528017,150,363.538491
2852.022028,133,363.910131
1978.540562,76,364.139301
1447.326335,50,364.287285
3295.370248,139,364.703812
1657.156821,79,364.92241
2522.816565,116,365.249734
1218.59753,60,365.417204
2970.681213,126,365.795434
1941.968535,68,366.012015
2837.006627,103,366.32743
3142.576378,149,368.669645
2888.338473,118,368.93056
2760.125431,122,369.190697
3313.210875,139,369.483691
2662.522969,103,369.699378
2274.887935,90,369.905544
1556.951377,77,370.06956
1940.44673,93,370.267838
3123.453947,112,370.50156
2879.553197,125,371.691049
1526.31344,60,371.818455
1416.108382,61,371.946347
2346.96771,83,372.140036
2010.026722,89,372.330441
3241.37157,142,372.632823
3715.494555,140,372.930725
1586.634343,54,373.0576
2064.248072,95,373.254794
1970.764632,64,373.390731
1772.340711,74,373.546299
2266.323958,92,375.544153
2130.979405,81,375.721446
2441.73783,102,375.935089
2688.161565,122,376.214
1892.052688,121,376.470847
1598.087146,116,376.710266
3903.125553,148,377.160238
2935.648505,137,377.584195
1743.881813,83,377.827071
2569.798056,104,378.13241
1906.234797,81,378.386872
2635.268796,99,378.670501
2663.676382,96,378.95907
2612.796497,103,379.277668
3039.292999,122,380.894699
2631.376176,99,381.098531
2371.39766,88,381.296471
1424.089155,46,381.392246
2733.722521,127,381.679949
1511.691398,54,381.800647
3705.023577,147,383.945794
1708.827142,61,384.087146
2406.202437,82,384.259552
3028.35796,117,384.510445
1907.282598,67,384.669822
1938.297675,80,384.842063
3255.591911,135,385.137455
1876.692164,79,385.312808
3122.756688,145,385.637154
1373.745491,89,385.823611
2936.566295,128,386.094528
2013.222059,102,386.316274
2344.230244,92,386.513327
1985.560617,107,386.756096
1484.467062,53,386.872258
1814.314293,81,387.040511
1429.97697,48,387.151596
3358.078614,156,387.486018
1939.857335,78,387.646542
2253.782275,88,387.848092
2496.477919,129,389.253366
2096.237667,81,389.427569
2601.127584,102,391.970053
1773.602525,69,392.172484
1963.530869,78,392.430287
1816.561497,82,392.702822
3402.118401,128,392.999959
2267.821489,87,393.185357
1307.910048,86,393.379284
1745.215384,69,393.521185
2204.901879,86,393.709532
1543.536094,48,393.809147
3400.516257,134,394.106276
2322.20213,78,394.279622
2492.509154,87,394.464797
2391.932249,101,394.675905
3051.364017,128,394.94777
1628.136539,57,395.09148
2914.57999,124,395.360227
1874.548309,76,395.518558
3408.449932,123,395.781079
1788.939894,69,395.921472
3230.430544,119,396.201147
3168.090269,119,396.456556
1453.488563,49,398.289645
3584.398795,140,398.595229
2316.394907,86,398.798711
1469.328361,46,398.895857
2461.585132,91,400.172242
1718.563911,72,400.343783
3928.55425,154,400.668296
2271.164389,83,400.842719
2346.812263,95,401.039879
3474.585771,160,401.40225
1657.56574,70,401.551287
3126.895562,149,401.866102
2481.425526,92,402.063763
2551.841522,89,402.260677
2946.862343,130,402.556941
2189.068715,83,402.75105
1973.160301,92,403.041258
2582.540732,96,403.324805
1341.000115,51,403.476457
1873.71869,70,403.67757
1854.335315,75,403.899214
2851.101682,122,406.522647
3261.404181,127,406.817581
2610.280113,120,407.077196
2584.625989,97,407.295844
1468.750539,52,407.406544
2478.993723,111,407.648484
3158.579566,135,407.953045
2051.150063,79,408.128943
1223.314703,77,409.512541
1668.918413,63,409.654666
3295.245552,120,409.935131
2808.612915,112,410.176485
3069.947237,117,410.429081
1405.20295,52,410.536661
2810.953974,107,410.768444
2609.87429,118,411.04124
1529.65816,65,411.179783
2993.855403,111,411.416518
2509.939489,105,411.645614
3564.120936,131,411.942412
3493.652675,157,414.068204
1560.733818,58,414.185314
3628.427365,134,414.477193
2068.647248,77,414.644777
1173.340913,39,414.728534
1574.039271,51,414.835157
2216.168951,77,415.011168
1842.764728,70,415.169393
2758.521805,111,415.402288
2083.991714,73,415.561255
1854.607914,60,415.686157
1168.616178,119,416.03032
3671.346021,134,416.463934
3533.2554,148,416.88258
2104.744802,71,418.460512
2200.54445,95,418.768218
1711.007787,70,418.941291
2170.836946,89,419.137761
2241.684237,89,419.329951
3448.216001,152,419.686898
2369.759541,120,419.951856
3626.752945,149,420.280038
2509.256827,89,422.365622
1859.17019,67,422.519781
1575.57701,59,422.64713
3268.844594,128,422.921533
2708.360488,105,423.139718
2536.791652,103,423.358055
3656.275702,149,423.689446
3523.927085,141,423.991614
3530.023251,160,424.335713
2897.924878,128,424.623593
2563.445312,111,424.866954
3724.157331,175,425.236933
3116.245786,112,425.479883
2551.52446,108,425.730547
2969.49045,128,426.981767
1770.94122,114,427.236384
3650.393548,155,427.565847
3069.450229,137,429.897593
1975.184499,82,430.147836
3820.313417,146,430.586425
3306.097922,122,430.958655
1464.892986,66,431.165661
1178.856695,44,431.295946
1785.179263,61,431.491409
3394.859544,138,431.903918
3433.330893,138,432.217488
3184.542638,114,432.471802
3304.765172,124,432.739519
2031.858787,91,432.934685
1695.712275,58,433.077614
1968.517886,64,433.213238
1717.153306,60,433.336453
1943.698618,73,433.49623
2462.591717,96,433.701248
1957.097926,64,433.836471
2419.331342,96,434.046895
2041.675873,123,434.320377
1799.83501,88,434.501777
2141.929401,74,434.666601
1711.420942,58,436.556638
3227.496216,146,437.843212
2416.929608,91,438.02847
1945.808794,76,438.20036
2161.987803,73,438.367529
2240.825956,88,438.553392
3427.564534,131,438.830655
1495.624552,55,438.945627
1825.366676,64,439.088741
2352.78141,112,439.342687
2893.761605,120,439.604278
1256.886161,38,439.681574
2197.789763,111,439.918329
1846.652316,58,440.040638
1477.627218,97,440.257041
3267.408706,144,440.580598
1643.049803,60,440.727007
2152.773918,79,440.895538
2848.870551,109,441.136933
1909.076921,103,441.37175
2114.609842,91,441.571872
1382.678898,118,441.837605
2875.563055,106,444.578302
1752.544125,96,444.840573
2048.397033,83,445.022435
2046.813809,70,445.175868
1845.912682,60,445.307324
3097.342794,125,445.578265
3227.402539,144,446.734835
2924.913016,106,446.967461
1482.506071,49,447.076716
3536.472992,130,447.352902
3867.774299,165,447.717233
3110.602012,113,447.959862
2926.867977,107,448.198333
2477.027381,95,448.400197
1561.860681,80,448.57194
2375.779653,94,448.786437
3036.741278,116,449.035621
2557.222843,110,449.275643
3043.579875,110,449.513981
1865.020893,67,449.655852
1716.732102,98,451.782989
1461.379467,64,451.944261
2423.479484,97,452.156177
2622.672384,111,452.400256
1838.585921,70,452.549155
1703.642367,98,452.759333
2045.015436,68,452.912178
2361.112168,82,453.102151
3731.035443,151,453.420648
3866.696886,141,453.722894
1437.633406,50,453.832063
1433.77077,82,455.304422
1606.151341,79,455.539442
1263.710944,36,455.639804
1780.988642,58,455.809568
1930.421346,64,456.00408
1489.903751,47,456.156346
2019.028336,101,456.442872
3137.970129,141,456.837417
1790.247912,75,457.088076
1801.035829,61,457.279288
2263.346566,88,457.572133
1880.497401,60,457.770961
2456.995141,84,457.977172
3746.509399,137,460.100995
1992.951386,79,460.277191
1587.667359,77,460.463106
2940.677991,112,460.696887
1871.952919,69,460.849197
3271.426073,121,461.11732
2581.549413,92,461.323387
1493.651438,49,461.42429
2721.643135,123,461.717306
2917.787457,114,461.974264
1321.244767,52,462.087583
2025.065313,89,462.283874
2379.071588,81,462.455198
2940.764962,110,462.703131
2488.519924,95,462.901037
2218.20688,77,463.070917
2898.855086,110,464.387275
3048.50591,128,464.679382
2341.665505,88,464.867924
2133.593438,74,465.029349
2588.036369,120,465.295814
1995.153917,73,465.445136
2786.026697,105,467.488788
1667.532955,52,467.59896
2047.004344,71,467.764383
2487.842794,94,468.026175
2407.655187,83,468.290412
1570.038787,48,468.436756
3039.076559,106,468.743324
1533.347237,85,469.012505
2528.663495,92,469.280445
1885.167987,66,469.464639
2645.401957,101,469.743357
1969.514316,81,470.012893
2546.561197,112,470.386492
3770.045358,144,470.9017
1450.545776,71,471.107094
2642.585684,110,471.346968
3307.285931,130,471.626359
3198.682569,122,471.880049
1951.646478,66,472.057261
3435.369981,125,472.332252
1496.938828,44,472.422946
2656.705464,97,472.631506
1814.623654,60,473.714541
3286.765926,151,475.902367
1906.579295,79,476.078101
1970.670962,84,476.27285
2397.047455,83,476.451174
2294.005785,97,476.655855
3614.529156,141,476.952229
1956.731471,69,477.108629
3953.416304,148,477.43921
3305.217535,134,477.728775
2101.415736,115,477.977211
2770.478737,96,478.17575
3005.415232,115,478.444287
3151.246958,119,478.696946
1946.141538,66,478.835224
3534.99585,132,479.111344
2273.792571,77,479.286447
2088.525339,70,479.454719
2769.81381,102,479.679633
1623.453256,51,479.786359
1940.544381,63,479.916784
1572.852726,72,480.075634
1854.289801,64,480.210595
3441.522507,131,482.777939
1422.661689,48,482.918992
1975.587992,90,483.210397
2857.887843,103,484.471113
1907.241102,68,484.619662
2931.805315,102,484.854997
2795.999214,108,485.091769
1948.128591,72,485.248514
1691.069503,55,485.369687
2922.195692,111,485.604342
3601.793471,135,485.904356
1758.678319,96,486.107455
2074.809937,77,486.279192
1778.950354,61,486.404165
2195.120254,75,486.566093
3462.165495,135,486.871717
2594.937283,94,487.061754
3318.29799,129,487.348511
2838.755441,104,487.569583
1676.8679,53,487.678765
3406.132229,137,487.98427
3081.064249,109,490.137886
1869.700709,103,490.35751
3501.917314,128,490.630523
1931.191059,66,490.774264
2861.7727,101,491.008229
3094.355757,114,491.262279
3313.40043,141,491.56963
2319.003769,80,492.946368
3275.702504,131,493.246357
2414.045989,82,493.420811
2248.651441,97,493.629111
2699.760458,110,493.863682
1711.469793,66,494.052661
2189.409657,91,494.358369
3442.223972,123,494.721816
3023.490673,111,495.033983
1931.073102,70,495.265407
3889.453659,143,495.676796
2158.774792,71,495.879874
1551.229821,76,496.10738
1170.351754,101,496.43731
2658.396911,111,498.666847
2797.936641,112,498.904754
2911.437846,123,499.160785
2152.18432,87,499.35657
1377.245861,125,499.641294
1242.236186,47,499.740202
1742.072671,70,499.890459
1529.844707,64,500.031489
2592.866125,89,500.223714
2838.679201,130,500.51527
3001.739848,128,500.792206
3448.66987,124,501.054903
1845.586915,67,502.219851
2061.914031,68,502.358198
2208.731313,74,502.519229
2577.656564,89,502.725517
2591.915223,103,502.940593
2143.053256,71,503.094329
2194.977052,83,503.272813
1994.888486,65,503.408272
1851.673445,58,503.536205
2056.154661,87,503.73658
2039.905385,74,505.614123
2581.726191,106,505.852474
2975.521524,107,506.08843
1261.217888,36,506.161397
3272.067343,139,506.458364
2006.394895,67,506.602194
1427.420863,49,506.721734
2094.902236,86,506.903916
1457.872069,51,507.020094
3291.652447,124,507.432818
3691.140703,135,507.854877
3025.13561,120,508.208568
1434.775998,49,508.364372
3602.898876,137,508.761407
1495.116993,91,509.035871
1239.131577,39,509.165956
2706.11926,95,509.451986
3068.586445,115,509.826749
2794.534798,102,510.147882
2273.068437,76,511.263742
1606.746278,55,511.386466
3687.968045,146,511.712164
3615.656104,137,513.900548
2300.900112,79,514.072396
3185.810473,131,514.366469
1845.989157,74,514.529854
3519.047388,156,514.871222
1776.664822,73,515.028608
2603.306886,97,515.263703
2846.619457,106,515.488173
2431.288913,90,515.683429
1734.018489,64,515.821119
2578.846226,91,516.011621
3677.812786,133,516.314159
1167.658409,49,516.421822
2728.466266,94,516.623121
2029.588651,69,516.77546
2234.227616,74,516.934968
1912.640761,72,517.095465
2381.207562,86,517.293756
1741.501565,62,517.420521
1634.006262,50,517.532917
1396.00669,95,517.726778
1482.683428,45,517.827266
2339.152304,85,518.002863
3009.123943,104,518.230501
2693.150331,94,520.214972
1665.27612,58,521.882496
2884.638267,100,522.184073
1848.702167,59,522.369911
2758.794107,110,522.733576
1842.397089,59,522.926976
2239.77414,83,523.19594
2425.576947,85,523.377106
2853.179982,115,523.622094
1255.874057,45,523.738904
2309.270335,81,523.907482
2053.534716,71,524.065807
1673.838373,67,524.205362
2944.932209,103,524.428811
1401.85428,55,524.544617
1475.499713,52,524.658286
3385.590894,144,524.987976
2331.915174,79,525.148455
2576.595837,98,525.37491
1555.267365,47,525.471632
2347.431566,92,525.670869
2284.314612,78,525.852741
2424.710702,88,526.034215
3304.820777,131,526.312124
3195.345643,116,528.344749
2458.250653,87,528.524861
2033.845818,72,528.68258
1377.922973,77,528.84423
2139.214547,78,529.033614
2788.091123,102,529.245999
3612.448613,137,530.541953
1983.522717,70,530.691393
2343.08614,81,530.863086
1325.810204,46,530.969457
2579.298058,99,531.189852
2891.627687,124,531.453906
2105.510706,80,531.624127
2355.050708,87,531.810756
2040.20071,69,531.95323
1841.165992,63,532.106186
2789.699084,105,532.328093
2273.877336,103,532.545236
2274.274305,80,532.711496
1245.292117,110,532.948872
2690.379001,104,533.196283
1614.673891,51,533.363542
3098.294711,139,533.772114
3654.987706,133,536.623803
2209.392569,77,536.791269
1871.744761,75,536.954062
3188.135299,125,537.231683
2441.347415,105,537.470194
3664.719729,152,537.803969
2624.422155,108,538.028835
2352.589244,95,538.24074
2667.097313,92,538.454632
2895.748082,102,539.593331
2968.736271,111,539.827539
1230.502692,39,539.921785
3625.165037,138,540.217815
2639.819163,92,540.417694
2482.490021,95,540.642293
1454.655939,119,540.899661
3753.422205,137,541.203917
1591.475537,69,541.35838
2271.794002,93,541.575405
2181.3929,79,541.747413
2058.174669,70,541.901724
3977.137163,152,544.06327
1903.959628,103,544.285389
2284.526928,99,544.498889
1274.969556,65,544.640541
1862.445093,70,544.804742
3034.904212,115,545.057606
2352.096474,83,545.238323
3311.233187,143,545.537917
3299.295983,123,545.81345
3213.263037,132,546.091319
2492.056144,94,546.343755
2264.980496,75,546.576322
3520.476673,124,546.970277
1593.075631,48,547.108654
1532.449245,47,548.553898
2436.867114,91,548.825207
3251.988607,121,549.256878
3069.769092,113,549.555695
1408.603265,86,549.735792
3067.19598,108,549.964989
3172.799427,121,552.027385
2028.648984,86,552.237805
2694.926182,107,552.46567
2583.250212,91,552.65464
2568.884122,98,552.878462
3559.326519,126,553.168292
2631.560615,104,553.386817
4041.869572,148,553.700999
3209.657402,117,553.954072
3296.333061,131,554.253482
1635.711223,118,554.50519
3129.938531,118,554.764563
2348.888466,87,554.945566
1747.21325,60,555.084864
1935.855042,67,555.237789
1972.366632,70,555.391487
2091.133123,75,555.544351
3020.788978,113,555.789143
2189.974427,76,555.952158
3567.428907,128,557.162372
2400.538578,93,559.208205
3055.329837,106,559.482156
2733.008582,107,559.808856
3299.463839,117,560.161785
2077.808684,106,560.479964
3685.856809,157,560.9397
2080.449692,74,561.14732
2845.783258,99,561.425636
3191.36995,121,561.82523
2008.561862,66,562.031748
1739.366043,67,562.264087
2532.699669,86,562.525418
2884.71421,102,562.75637
1770.399669,62,562.885114
1553.683474,51,563.001701
1845.481,65,563.140701
2712.639405,94,563.339317
3538.180453,129,563.607825
1799.076809,107,563.852339
1244.48353,36,563.926703
2674.863339,102,564.146059
3398.096,130,564.409684
3326.743848,118,566.454877
3498.950056,129,566.734822
2334.286273,112,567.961971
2009.819479,66,568.10923
1820.249494,62,568.238773
3004.776056,115,568.485575
2469.821342,86,568.670462
2597.22789,90,568.88295
2853.486196,108,569.121334
2688.984644,95,569.321782
2420.869408,93,569.523393
1763.251692,61,569.656698
2065.220361,68,569.799773
3120.167692,110,570.065523
2638.083567,97,570.275265
2499.263381,86,570.454529
1801.410639,61,570.585585
1600.685423,50,570.690417
2018.530073,67,570.829163
2199.68355,73,571.010931
3274.297837,123,571.284649
1919.475473,79,571.446662
2533.750209,87,571.63726
1952.397134,67,573.967772
2483.404558,93,574.257127
1739.784727,56,574.418566
1649.473659,55,574.583141
2763.930613,107,574.910695
1747.86544,60,575.109939
1947.875484,90,575.424814
2559.239491,98,575.683189
2500.4144,115,575.931393
2914.865631,107,577.036688
1321.543321,56,577.168658
1518.704865,55,577.290973
2554.403567,90,577.497612
2010.921826,65,577.656071
1544.154372,47,577.752492
2821.186363,106,577.986897
2171.344037,75,578.144626
2866.709269,102,578.385533
1607.271822,56,578.505891
1739.615521,84,578.680067
1550.514531,135,578.966198
2188.589759,72,579.133271
1612.352737,62,579.262635
1480.527353,44,579.355001
2971.265612,109,579.609603
2002.510665,73,579.786588
1242.264565,48,581.748417
2135.96348,71,581.894549
2159.723735,76,582.069456
1571.612911,52,582.176766
2759.690249,105,582.401412
3538.591457,127,582.68619
1353.127213,46,582.780516
2231.476271,74,582.944808
2740.680364,105,583.171253
2377.799026,80,583.335321
1392.384268,48,583.438198
1424.409395,43,583.539726
2230.460793,80,583.712302
1248.358307,36,583.793277
1801.570147,113,584.03592
1389.18031,40,584.124478
1318.126883,42,584.212187
1383.228763,47,585.286589
2745.95493,111,585.516861
3259.508709,121,585.932252
3437.438742,126,586.309597
2309.189516,80,586.542046
2852.090437,112,586.880821
2960.356399,113,587.216472
1234.948939,63,587.400223
3356.648035,133,589.903502
1453.185928,70,590.074174
2775.76473,97,590.281409
2148.978826,80,590.452739
2814.367781,100,590.662371
1202.689492,35,590.743935
1536.743674,87,590.926631
1386.333955,40,591.039535
2594.772076,88,591.22581
1485.062407,47,591.333349
2867.045818,99,591.533551
2727.319066,93,591.732221
3269.816064,126,592.004782
2921.676458,107,592.252817
2341.591074,83,592.430114
1765.676648,63,592.564342
2662.703364,96,592.768864
2726.985627,103,592.993377
2144.722503,72,593.158355
2016.917996,79,593.336239
2389.475343,124,594.726842
2265.877345,80,594.899142
2082.492876,70,595.052927
2466.422672,111,595.309315
2237.064389,74,595.470944
2378.617698,94,597.465915
2822.137489,104,597.686984
3220.276246,120,597.951571
2094.498492,75,598.117537
2226.316057,74,598.289711
3358.672277,118,598.546573
3144.127537,110,598.871425
2540.276307,103,599.177066
1408.85287,47,599.329821
3437.648625,122,599.674905
2293.275325,78,599.898885
3184.368522,116,600.234928
2629.952054,109,600.577178
1295.325987,73,600.793147
2992.742172,118,601.160225
2213.275078,80,601.430208
1745.153914,72,601.676187
1552.689006,58,601.854463
1773.838633,105,602.088813
2719.956073,108,602.323118
1332.000205,45,602.417106
1556.803735,46,602.517855
3494.265693,130,604.683682
1769.016622,63,605.781045
1636.491732,55,605.898162
2925.647283,106,606.131904
2095.692251,72,606.293573
1956.989736,65,606.42945
1512.399237,59,606.554384
2488.863347,92,606.765624
1639.635468,53,606.883579
2711.863551,106,607.112177
2350.032409,78,607.277012
3320.718595,124,607.557138
1493.181008,63,607.696778
2755.409015,105,607.934193
2039.089343,132,608.225476
1382.322613,107,608.455859
2206.351121,76,608.624371
2445.977416,82,608.802665
1718.812907,66,608.953888
1385.564302,46,609.049401
2222.798202,76,609.224416
3422.631335,139,609.52229
2394.720263,88,609.704404
2179.499019,74,609.881604
3457.88288,137,612.158833
3175.646374,112,612.497534
1464.752563,46,612.625954
3016.188884,131,613.004311
2695.075672,97,613.300923
3290.393469,116,614.714963
2038.515215,70,614.939432
2455.057875,90,615.130121
3412.266261,130,615.42759
1758.160489,62,615.553595
1207.065688,38,615.641429
3291.955417,118,615.888275
2342.701881,79,616.053635
2633.959422,96,616.288628
2464.963195,91,616.482851
1917.563849,66,616.615695
2838.010805,98,616.822944
2372.139639,93,617.015284
1479.257171,60,617.145
1189.83059,115,617.407404
3060.300038,113,617.645295
2889.465126,104,617.856138
2216.151696,87,619.865678
2996.528859,107,620.093195
3567.496967,128,620.369886
2592.367224,90,620.576337
1657.242103,53,620.686338
2298.159102,84,620.866626
1976.352587,67,621.000706
2226.845019,79,621.175464
2002.994757,71,621.330603
2738.435173,108,621.584306
2610.519983,93,621.781279
1346.649233,41,621.866003
2013.731443,97,622.860523
2306.545802,78,623.020687
3231.437368,116,623.269691
1649.973024,88,623.464309
2009.478076,72,623.636037
2277.540589,89,623.820444
1454.002234,44,623.913913
2506.719206,93,624.104247
1725.299553,58,624.240117
2920.329301,115,624.482
2798.301632,104,624.708986
3366.563128,128,625.016191
2798.523232,102,627.799166
3848.296212,146,628.169769
1682.483741,54,628.286783
2556.176908,91,628.482839
3175.925942,119,628.736562
1852.811619,68,628.89625
1731.483729,61,629.028201
2392.180028,87,629.217113
2024.9873,114,629.454699
2713.664697,101,629.67521
1422.960636,42,629.762259
2137.638934,78,629.94582
2982.56393,108,630.18043
2947.653769,112,630.42327
2411.479874,105,630.643259
2834.97972,99,631.762098
1334.923904,131,632.079509
1394.79646,63,632.214204
1782.865812,56,632.347341
3134.01652,116,632.593831
2396.275531,85,632.783088
3235.544931,125,633.070153
1554.753682,53,634.969504
1856.419359,60,635.113171
2495.492612,89,635.312954
2211.951696,88,635.50155
1302.0894,39,635.588612
3266.662006,136,635.879348
1573.701362,68,636.023189
3446.693858,122,636.314389
2746.905665,96,636.522585
2997.098822,106,636.756746
3842.075957,142,637.064923
1319.582465,54,637.177824
1393.766337,72,637.354354
3181.708873,122,637.614797
2838.634712,111,637.849807
1191.616796,33,637.920675
3705.091461,138,638.356153
3426.800766,131,638.729566
3676.084908,132,639.096328
2583.566913,88,640.588873
1693.547738,72,640.824195
3580.017421,135,643.087526
2120.618606,70,643.23046
1394.441245,51,643.349358
2285.827221,76,643.503588
1734.276722,127,643.787394
2923.823474,105,644.029229
3428.666312,124,644.303285
2072.800526,68,644.454151
2957.824827,103,644.666109
1522.972098,45,644.783164
2555.337675,88,644.972208
3218.867553,120,645.234481
2017.340986,90,645.420111
1342.50159,55,645.542165
3411.190101,122,645.813252
3365.030745,122,646.078569
2482.428683,86,646.272013
3589.928085,128,646.540712
2616.477979,89,646.729161
2727.091122,99,646.946989
1387.531003,41,647.039334
1930.486333,70,647.183624
1942.163396,65,647.330517
2043.02888,68,647.469462
3564.810299,127,649.613368
1374.866946,42,649.699747
3090.952555,110,650.841554
3009.128163,108,651.087248
1334.576849,119,651.452768
3642.600766,133,651.845222
3116.972939,120,652.215538
2614.117157,93,652.488992
3453.431815,125,652.862135
2371.306834,85,653.112729
2520.443187,88,653.422984
1892.013245,69,653.62737
2208.829135,74,653.898734
2769.735881,98,654.221955
3376.285665,122,654.497737
2392.737074,81,654.672722
2537.519531,85,654.848939
2261.157156,82,655.020986
1761.674849,68,655.161853
2136.989847,70,655.335448
2560.103276,89,655.520325
1487.95161,57,655.644957
2121.120841,71,657.667726
2020.157852,66,657.804363
2355.066546,79,657.973508
2019.543674,72,658.121139
1949.699372,67,658.258484
2164.645758,96,658.491016
2111.620442,118,658.738505
1892.610602,71,658.892647
2859.05755,109,659.971476
3380.584567,134,660.262172
1677.385793,53,660.380746
3193.560261,116,660.652719
1316.955297,40,660.731989
2768.120334,95,660.934355
3159.575826,123,661.207608
3431.554023,126,661.477893
2834.724504,101,661.710975
3317.525158,138,662.004796
2298.904448,80,662.166492
2015.411544,72,662.331455
3037.330459,106,662.572409
1371.87425,87,662.751999
1494.896326,111,665.070303
1770.063843,57,665.2341
2489.898693,92,665.500118
2855.682266,101,665.798344
1910.236505,62,665.971638
1455.251289,46,666.103347
1548.363073,51,666.260674
1793.935453,58,666.460688
2768.142806,100,666.777433
2975.859828,115,667.167675
2032.44701,73,667.369279
1696.547336,62,667.49836
1968.152933,103,667.721343
2147.745546,82,667.912584
1981.328738,64,668.045533
3405.44515,123,669.193904
1931.386417,63,669.334974
2239.414963,75,669.48863
1951.0573,63,669.627765
1523.202307,52,669.735705
2648.42341,90,669.917323
1185.606571,69,670.083266
1815.888716,64,670.223571
3488.313439,124,670.49771
4036.556797,157,670.831435
2737.549815,97,672.839745
1397.464895,45,672.9328
2496.337672,88,673.145118
1225.596386,36,673.217649
4033.547095,146,673.546628
1342.56846,39,673.627181
3051.307635,105,673.861673
1412.364436,54,673.973471
2639.555762,96,674.20191
2670.702111,95,674.442994
2329.28805,86,674.625631
2478.044636,86,674.809742
3588.231514,138,675.112833
2043.200416,79,675.29898
2852.48218,104,675.524256
3167.137312,129,675.802577
1946.18091,77,675.970738
1567.340711,48,676.073257
1326.726594,44,676.164102
1916.003042,104,677.405956
1393.111993,43,677.536955
2400.649542,100,677.841945
1567.027886,114,678.171667
1251.847083,76,678.403873
3863.544194,150,681.014968
2776.711477,94,681.212642
3611.755589,132,681.48997
2274.46206,85,681.693295
1500.156042,74,681.853812
3260.797112,122,682.119334
3109.811583,118,682.362593
2765.458871,99,682.592426
1848.500782,107,682.824368
1279.038803,41,682.916958
3115.454888,115,683.155941
2612.084809,94,683.357411
1293.564572,66,683.493308
2800.635286,96,683.714264
2344.281157,78,683.883629
3017.350478,108,684.109379
2993.008764,107,684.334757
2276.566668,76,684.502564
1518.836958,49,684.603332
1371.389689,47,684.726969
2310.505227,80,684.890957
1548.831331,87,685.077538
2938.918383,103,687.946661
3246.484266,120,688.209319
2794.14659,112,688.452011
2883.685852,103,688.680516
1351.740046,40,688.76435
1774.37369,60,688.903732
3594.948017,137,689.195439
1195.786497,84,689.382057
2210.881099,75,689.552095
1204.616536,47,689.647318
3417.756658,121,689.926857
2503.439001,84,690.114564
3131.482991,115,690.422835
1406.711841,88,690.684091
1639.962743,84,690.947391
2239.018399,77,691.163882
3619.046053,128,691.531735
2454.056546,85,691.776941
2830.769935,99,692.059209
2528.740557,85,692.30155
2548.998031,87,692.566575
1173.789881,67,692.775793
1655.028861,55,692.936427
1186.394264,53,693.140526
2703.687634,95,695.2736
3458.183318,129,695.545279
3605.542653,131,695.821209
3608.201322,132,697.127435
2292.274292,82,697.319661
3383.791584,121,697.579058
2070.821605,76,697.743294
2242.243196,81,697.918769
2273.061897,76,698.07984
2483.736974,84,698.268149
2579.428777,98,698.498097
3639.004309,133,698.790514
2441.299359,102,699.007463
3252.12154,127,699.284534
1577.65745,51,699.408463
2336.745936,89,699.605558
2600.229369,92,699.801303
3547.382819,128,700.074185
2570.423574,88,700.272394
1323.868963,37,700.352748
1947.809396,63,700.509394
2898.804965,106,702.571332
2782.194386,95,702.776587
2682.606847,93,702.967125
1266.360829,62,703.110699
1581.779174,51,703.217346
3444.359752,128,703.534212
3737.601222,136,703.959481
1816.015342,75,704.176599
2375.638248,102,704.462536
2629.54231,95,704.812488
2421.322967,87,706.358042
1729.846017,81,706.615047
2274.814932,106,706.885482
2391.172176,80,707.058696
2456.444374,83,707.237848
3095.107022,117,707.492962
3321.767403,125,707.761932
2667.095754,96,707.975113
2691.797836,96,708.184691
1727.870834,53,708.294904
2769.02091,96,708.501516
2557.653383,91,708.701009
2661.191405,90,710.697858
2628.293292,90,710.891715
1782.184635,65,711.050747
1754.119697,60,711.176295
2582.600582,88,711.362858
1489.267838,44,711.454225
2423.750982,93,711.656447
2300.162227,113,711.899631
2462.166604,88,712.090082
2774.99128,101,712.313715
3619.648227,131,712.596675
1381.363244,43,712.685105
1416.594859,44,712.782387
2132.029256,76,712.941311
2356.536999,79,713.129178
2286.291795,83,713.301812
2871.978916,102,713.516736
1270.62444,39,714.531277
3141.251388,120,714.784995
1803.558645,60,714.913748
2357.869441,91,715.120492
2302.883362,77,715.294275
1586.739777,51,715.399704
2252.457708,79,715.571645
1571.904081,51,715.677911
3232.531141,120,715.929955
1330.709349,45,718.311895
2236.255508,73,718.545776
1308.397483,111,718.875406
2356.624858,81,719.121556
2353.259958,84,719.389143
2797.362389,105,719.761642
2453.046096,86,719.946783
2053.974669,69,720.104268
2342.660243,78,720.273627
3351.126213,125,720.553145
2263.927855,83,720.728012
2752.150039,95,720.932333
2164.363388,73,721.082394
1504.145407,98,721.303587
2980.186532,136,721.609897
1600.757924,50,721.720647
2670.543693,93,721.91056
2380.940967,121,722.168394
1395.702183,78,722.338865
3405.156013,126,722.594901
3147.36923,118,723.869685
2542.25874,101,724.092698
1290.94341,85,726.099268
2736.883792,94,726.292682
1539.663721,46,726.395833
2426.227677,82,726.562427
3000.361121,123,726.838317
1775.864032,56,726.96648
2676.894252,99,727.170233
1883.389223,67,727.317854
2699.293754,98,727.527572
2527.011455,110,727.763901
2942.518821,104,728.008842
2324.971463,77,728.181395
1799.118646,93,728.375427
1381.27519,60,728.49788
1199.973539,43,728.597697
1673.097907,55,728.712625
1702.727533,56,728.830715
2639.826128,95,729.051083
1344.924771,80,729.231478
2222.219475,78,729.395641
2994.109203,107,729.626671
2355.333903,82,729.842506
1902.687234,95,730.146389
3299.741389,139,730.568182
1525.029638,49,733.17196
2503.189615,89,733.367122
1556.82505,83,733.539886
2510.575602,92,734.769073
1840.168524,63,734.904541
3738.130176,134,735.248614
2233.434509,102,735.477523
3754.385021,138,735.772469
3425.045554,124,736.042487
2388.922769,86,736.229273
2207.668042,76,736.403341
2258.500099,79,736.57497
2654.490389,92,736.778315
2513.493766,94,736.978933
2325.464978,76,737.142855
1302.782467,45,737.237688
1825.295587,132,737.551883
1346.845559,56,737.669751
1969.286695,67,737.813762
2603.56572,104,738.030429
1706.996215,58,738.167561
2576.987669,87,738.346378
2462.129386,91,738.564322
1589.560328,79,740.514505
1607.259528,52,740.623162
3515.613827,128,740.901159
1746.537988,57,741.029458
1566.34561,48,741.13075
1438.937521,49,741.234471
2078.277678,74,741.39861
2639.871333,94,741.617811
2707.969329,91,741.817475
3571.841742,132,743.392246
3089.106032,110,743.734051
2162.952017,72,743.935727
1863.955107,59,744.104804
1647.029928,108,744.435951
2774.135458,95,744.751549
1969.624145,83,744.99898
2923.200821,112,745.348979
3658.650286,131,745.774882
1728.086945,63,745.970541
1225.7248,36,746.046743
2885.276357,104,746.298139
1662.844682,55,746.418
2387.319774,85,746.5953
2318.643191,81,746.771942
3006.634373,106,747.018518
2845.748142,100,748.997284
2715.013784,92,749.198108
2275.913649,77,749.357381
1599.721057,51,749.47015
2373.774701,79,749.63409
2005.315834,118,749.881795
2863.052652,103,750.115196
2069.756726,69,750.266672
3850.371661,148,750.5767
2641.235212,90,750.771713
1587.931269,82,750.937583
1635.292933,51,751.050607
1828.623148,57,751.207298
2024.1508,72,752.427249
1964.65503,101,752.642412
2845.179641,108,752.875369
2516.410976,88,753.053175
1968.345114,64,753.215956
2373.976831,86,753.399761
1428.395515,43,753.487354
2590.847404,102,753.706195
2277.375215,78,753.864381
2229.067899,83,754.047796
1827.825088,58,754.167795
3972.440045,143,756.469866
1836.692992,62,756.64474
2303.343453,76,756.863123
1927.657184,65,757.052686
2431.919382,86,757.303613
1646.814002,68,757.50298
1620.758786,75,757.708883
1292.102157,36,757.806707
1888.248439,63,757.978496
3241.821973,112,758.33125
2277.901952,96,758.642352
3623.907486,134,759.079443
3312.95998,117,759.330641
3046.650059,109,759.561103
2340.677103,83,759.750116
2618.062337,90,759.942263
2564.072516,121,760.204676
3176.794955,114,760.451057
1721.63457,53,761.651899
1841.216154,59,761.789362
1449.843304,45,761.892511
2811.688026,120,762.158266
2682.156116,95,762.352983
2511.602723,90,762.545323
1984.931297,80,764.546441
3925.330888,142,764.871468
2681.372623,92,765.07354
2841.297999,127,765.350912
1940.125899,67,765.492662
3243.717934,115,765.770867
3886.712939,141,766.089258
1652.640105,70,766.256408
1237.15921,79,766.420937
1799.45995,58,766.548613
2431.038575,85,766.72667
1828.317078,61,766.870206
3650.635166,132,767.166814
2383.712027,82,767.347213
2075.652833,91,767.536417
3110.393299,108,767.774663
1703.382388,54,767.894601
3062.441397,118,768.168004
1785.587863,61,768.299109
2314.155723,79,768.469343
2563.055957,98,768.672962
3295.278299,119,772.620234
3182.481687,122,772.878378
1997.474916,73,773.041445
2066.73433,76,773.19786
1486.891744,46,773.319754
2750.840762,95,773.523569
1926.74746,82,773.696616
1892.9902,60,773.827894
2673.412284,103,774.039858
2685.772401,99,774.271892
3349.004682,118,774.534013
1191.215307,74,774.697972
1298.753491,74,774.857674
1760.101828,61,774.986463
1281.362164,98,775.208208
1624.795415,98,775.439274
1514.895953,75,775.596016
1454.474038,82,775.778103
1671.216014,52,775.886882
2215.733677,78,776.061617
2309.461986,80,776.229634
2050.973556,84,776.430897
2291.956796,77,776.595489
3591.927328,131,776.869399
3040.969983,112,778.944774
1672.972932,82,779.114525
2409.145705,87,779.3094
3554.4133,127,779.60736
2722.854845,96,779.816852
1632.631527,65,780.904036
2958.503365,102,781.124465
1774.175004,56,781.243071
1220.482279,39,781.336973
1521.676994,83,781.517001
2222.124908,126,781.800947
2668.246175,97,782.009763
3322.675655,120,782.350626
2164.740587,74,782.58969
3404.58362,121,782.968374
2171.406325,72,783.16301
2456.498143,87,783.417311
1177.961407,90,783.666445
2954.520078,105,783.983352
1688.682823,55,784.136825
2142.286661,75,784.354852
3157.26763,113,784.697141
2207.722661,73,784.942599
3160.876756,110,787.132768
1618.399717,63,787.274187
1707.751538,54,787.394522
1737.059861,53,787.503436
2867.208075,105,787.727591
2365.217598,95,787.92398
2530.092273,87,788.132765
3071.829985,112,788.37666
2498.576329,83,788.551569
2323.978941,77,788.720089
1838.193288,61,788.846509
1516.473097,48,788.955503
1231.227864,66,790.08386
1791.691193,55,790.197804
2800.909603,96,790.406792
2708.9559,93,790.606458
3007.692769,110,790.830351
3144.138723,110,791.061965
2638.345746,93,791.281917
2460.577325,125,791.553012
3645.936675,131,791.837586
1173.715236,37,791.913089
3410.824238,125,792.207555
2264.735582,76,792.375574
1826.335338,77,792.540556
1724.63483,70,794.529517
2316.99824,80,794.704717
3594.882451,129,794.983165
2473.468081,90,795.175014
2226.908347,74,795.386256
1812.36265,58,795.58075
2962.285117,106,795.878768
3911.353483,144,796.34994
1921.706562,64,796.531036
1266.088754,40,796.6412
2143.613522,75,796.851096
2681.389345,94,797.128663
2220.223143,73,797.335261
2161.821848,71,797.563267
1308.187506,39,797.682231
2428.289377,88,797.977607
1641.857385,54,799.362976
2878.455419,102,799.584398
3879.426807,152,799.927311
2269.821651,82,800.093812
2565.407889,88,800.295079
1241.210229,80,800.472689
1846.522702,59,800.597975
2636.746279,94,800.820071
3252.421798,128,802.897632
2326.007828,84,803.081696
1422.844374,61,803.214767
2845.175696,104,803.433859
1613.487361,49,803.543805
3218.769667,127,803.836051
2344.90281,82,804.007047
3508.917025,130,804.289464
2771.950502,96,804.494407
2930.935044,106,804.718543
1446.222594,82,804.90144
2311.49918,85,805.082326
3707.165457,135,805.370927
1628.363838,50,805.481685
1514.438603,45,805.576422
3175.605629,116,805.821563
3645.886257,130,806.111188
2368.98493,82,806.321937
1963.216304,79,806.488173
1708.64783,54,806.611057
3051.326687,110,807.934001
1532.454076,47,808.051951
2328.991006,81,808.230479
2346.291249,80,810.810137
3242.218016,123,811.224358
1306.758884,40,811.372726
2538.157907,96,811.662776
2380.330661,81,811.848989
1484.436372,87,812.039039
1926.329396,67,812.190714
1863.976939,71,812.358162
3101.339561,108,812.594412
1945.354327,65,812.737234
1655.319627,57,812.855705
2190.30534,96,813.067843
1424.01846,46,813.163805
3758.289637,134,813.469908
2531.8843,87,813.660925
2651.981532,96,813.861485
1933.833885,61,814.003201.32353.881116,99,814.216625
2287.350448,79,814.398166
3136.791554,113,814.643683
3352.888089,118,814.90084
2772.113177,102,815.11943
1503.177677,49,815.237086
3100.919284,108,815.475712
2886.799526,137,817.55357
1218.833382,37,817.632705
1836.125104,70,818.701346
2332.80115,120,818.961303
3405.785385,121,819.226324
2518.845252,86,819.414106
1995.472571,69,819.562495
1285.95566,44,819.679715
1540.029157,52,819.78758
2547.42632,94,819.994539
2773.853867,94,820.199988
2687.549236,99,820.427142
2263.177963,75,820.6031
2197.472452,75,820.782916
1744.501116,53,820.894447
2271.418651,77,821.06425
3617.336738,130,821.355698
3364.799735,121,821.630846
2842.99691,99,821.966314
1431.018457,79,822.202068
3476.901732,125,822.564292
1900.447352,63,822.748524
2419.851565,89,823.007997
1650.763602,72,825.452313
1757.54112,64,825.58417
1719.230801,56,825.712701
3253.631153,121,825.992911
2372.907749,81,826.161791
2434.288748,87,826.356698
2881.454787,109,826.617333
1963.724482,65,826.753755
2972.920955,104,827.95127
1216.819558,35,828.042968
2079.171982,99,828.265188
1557.438464,51,828.370609
1425.928998,47,828.464619
2635.567884,92,828.663453
3482.91762,123,828.928385
1695.81446,66,829.081584
3142.160668,121,829.343928
2022.436941,65,829.480997
1510.270113,59,829.606747
2287.52287,130,829.886833
1807.773659,77,830.049667
3153.758274,116,830.318636
1798.571852,93,830.518062
1201.537753,35,830.591673
2555.170023,85,830.786589
3293.958691,122,832.872696
1387.354459,61,833.009148
2002.371074,66,833.156783
1991.995067,63,833.304745
3646.455932,131,833.583134
2844.28116,100,833.804079
3250.052408,125,834.072638
2244.259888,74,834.244687
2331.698398,78,834.411938
1492.362,46,834.517107
2846.214727,98,834.740883
1863.615494,60,834.944069
2586.671421,88,835.210208
2076.808456,69,836.679512
3399.687473,126,837.060898
3895.373294,143,837.513432
2399.825809,88,837.811353
2791.195785,99,838.059908
1363.348576,47,838.15874
2565.045866,89,838.360646
3388.439076,132,838.662075
1889.912882,62,838.79205
3443.521119,126,839.0645
1675.958754,117,841.127921
1483.157652,103,841.353609
2653.732197,96,841.558449
1888.358853,59,841.694988
2031.942932,69,841.850099
1691.614829,55,841.966152
3022.43911,106,842.192139
3439.302691,123,842.461486
3406.730338,125,842.741442
2907.362517,101,842.962532
1332.571088,38,843.050602
1432.41669,45,843.143826
1250.427093,36,843.226264
2094.700146,70,843.373392
2337.208481,79,843.552879
2582.329678,93,843.742689
2379.508211,105,843.991354
1239.844945,45,844.096756
2303.716488,87,844.275114
1868.427643,60,845.342788
2101.43387,71,845.487365
3574.1126,133,845.772154
3515.896562,123,846.053179
2913.800689,107,846.292253
3309.552447,118,848.618725
2673.841105,100,848.902241
1750.813232,59,849.085358
1828.314917,70,849.290669
2434.55651,94,849.547243
2749.559221,97,849.827011
2963.207115,103,850.147007
2929.850768,105,850.48408
3070.023169,112,850.856702
3180.750819,120,851.195515
1376.189169,44,851.289489
3258.075932,115,851.558559
1592.721645,50,851.662897
1226.49146,79,851.834795
2352.930847,87,852.012622
1307.049906,53,852.136236
2625.330459,90,852.334782
1567.496884,47,852.440575
2594.295797,89,852.624584
2330.883416,80,852.798589
2823.758793,98,853.007778
3328.467009,121,853.295594
3060.488707,112,854.607912
1510.406165,47,856.549918
2071.464032,93,856.753738
3086.505883,108,856.987218
2596.124871,88,857.186582
2490.573045,88,857.371161
2644.605185,96,857.59516
1827.963157,62,857.728688
3981.050847,145,858.056701
2490.198449,85,858.236514
2741.738353,93,858.436507
2140.821768,82,858.622588
3254.140767,114,858.869283
3352.458086,117,859.120992
2228.511656,76,859.29336
1334.387853,42,859.377292
2748.206783,100,859.613578
1219.964845,33,859.681916
2778.429605,94,859.888117
2180.066577,71,860.039704
2897.08658,104,860.267795
1235.99828,79,860.440439
1789.528629,61,860.570684
1960.71626,132,860.864732
2519.4925,95,863.441198
2408.574529,86,863.726822
1711.091154,57,863.933611
2154.849571,72,864.134644
3427.873636,121,864.39815
3144.714365,112,865.702706
1801.224605,62,865.828819
1473.526362,103,866.067967
2660.042232,93,866.276484
2915.419676,108,866.511361
2726.131495,116,866.761194
1607.405784,53,866.870634
2106.203665,96,867.10031
1448.585603,116,867.350801
1793.313031,58,867.481214
1692.649271,52,867.59096
2590.760703,91,867.790765
1602.140537,51,867.896322
2320.045113,76,868.085979
2342.319415,81,868.2582
1532.893607,45,868.361118
1229.149626,34,868.432516
1656.727143,83,868.614759
3018.205559,106,868.836155
1625.437111,98,869.057701
1397.312864,50,870.915194
1319.559147,43,871.016907
3451.966462,123,871.314859
2023.016208,74,871.495928
1677.149109,51,871.610696
3419.23842,121,871.88288
2319.082102,80,872.059153
1183.902873,43,872.148941
3648.877633,132,872.456804
3085.154864,135,872.74698
3045.638107,112,873.948439
2120.329582,69,874.119145
3874.075978,142,874.581225
1706.060539,90,874.837459
2976.721425,117,875.173423
2786.076515,98,875.479348
2003.933008,64,875.660167
3304.942037,119,875.986717
2156.186381,76,876.204074
3212.506123,135,876.654712
2640.264881,114,877.030589
2582.48426,88,877.307524
1244.063381,91,879.347385
2955.278936,103,879.569565
1978.947238,70,879.737191
3108.862502,108,879.967755
1873.541775,64,880.110758
1789.415085,98,880.35037
2717.242388,95,880.553579
2570.039705,87,880.768597
1997.168882,66,880.910955
1285.82191,41,881.010689
2161.328542,70,881.159406
2495.691399,90,881.359405
2488.816996,92,881.552158
2045.333995,75,881.731257
1471.019598,86,881.915018
2886.340246,103,882.928199
2533.342912,100,883.154531
1293.649365,53,883.276929
3638.199055,130,883.553528
3370.50765,120,883.830191
1548.685608,80,883.995465
3481.314138,126,884.282361
1787.7843,57,884.409437
1466.068012,48,886.403902
3445.062311,122,886.659727
2443.072081,83,886.841521
2853.938423,98,887.069854
2733.834034,96,887.314861
3046.684781,128,887.711807
1688.145986,54,887.868965
1681.681464,51,888.016678
1937.231201,62,888.234209
1286.5766,122,888.590639
1662.310275,66,888.778213
2834.348819,134,889.171172
3134.708789,121,889.557198
1448.167462,45,889.698461
2211.610246,77,889.941963
2915.684183,102,890.269678
1887.344381,109,890.557838
2093.908686,97,890.766375
3088.467782,109,890.998485
2184.275705,71,891.158899
2187.073952,74,892.328444
2672.347119,92,892.531896
1501.64767,46,892.634545
1497.081348,100,894.613175
1912.012148,64,894.752618
2468.469086,84,894.926017
1946.986533,62,895.067114
3582.666744,129,895.347772
1584.472345,48,895.447333
3278.063837,123,895.731761
1457.970591,55,895.844922
1314.284388,56,895.967849
2305.150004,78,896.129394
2460.397391,104,896.363001
2565.079642,89,896.573493
1477.654614,105,896.801342
3110.39793,110,897.036075
1437.194461,43,897.13233
2184.356149,75,897.303385
2251.053057,75,897.459374
2802.58994,97,897.694708
3402.417966,130,897.97119
2290.687679,83,898.143232
1427.908637,47,898.253506
2853.398436,99,898.460113
2119.312199,73,898.635225
1867.570772,74,898.796737
2618.25124,115,899.037275
4015.794206,149,901.531187
2302.887123,83,903.005469
2771.636031,102,903.37422
2379.041425,85,903.626693
1550.216817,49,903.730719
1480.640816,45,903.832699
3780.96828,144,904.160475
2675.188491,97,904.366289
1316.059055,90,904.563697
1406.131022,42,904.653272
2972.943512,107,904.883391
2175.380041,75,905.060726
2252.820868,75,905.23241
2023.712112,113,905.481158
2576.600035,90,905.68285
1904.752949,63,905.81443
1731295.586313,111,906.014519922311.032594,89,906.218324091788.812065,59,906.3481850.2972.929282,114,906.592137.1418.130509,46,906.6912573.2172.476381,93,906.8921264.3126.89966,111,907.1533059.1934.144732,65,909.083822561385.473848,43,909.18813777.358655,137,909.436814
2040.345494,106,909.665041
2157.922878,72,909.81657
3886.346723,139,910.112276
2356.173733,78,910.30153
1255.439884,63,911.413923
1869.984467,62,911.551392
1619.297715,81,911.718422
3008.125981,110,911.956236
1258.567032,55,912.088275
2825.571178,105,912.323839
3763.612256,136,912.619258
2062.417836,109,912.858415
2192.474359,74,913.023702
1776.863876,70,913.168342
3418.852437,126,913.46698
2965.57778,110,913.784578
2560.428753,91,914.053243
1717.649669,62,914.227095
1210.687884,51,914.397597
2703.93545,96,914.674821
2417.417479,93,917.22531
2624.824621,95,917.432839
2770.834937,131,917.728112
3188.27938,117,917.979477
3676.413722,132,918.263952
1777.778111,57,918.392672
1847.085839,59,918.51946
3518.191111,125,918.801744
1644.906674,49,918.904169
1319.786116,40,918.987389
1820.15581,61,919.126563
2751.743676,96,919.333757
3958.824414,143,920.646924
2437.698755,82,920.842437
1479.154199,68,920.992817
3046.772216,112,921.238382
2667.800955,95,921.444936
3497.676365,125,921.714658
1570.975784,50,921.833836
1399.974681,45,921.93682
1582.812114,49,922.03849
2915.707079,117,922.289464
2488.677969,100,922.515121
2704.856989,92,924.477976
2854.882059,103,924.702623
1912.314087,64,924.833543
2413.594907,84,925.03963
2231.254719,76,925.197079
2920.676392,105,925.429947
2588.606365,93,925.633713
1491.174163,70,925.785783
2550.092118,88,925.976006
1643.393133,107,926.215634
1595.056546,52,926.338568
1844.442382,70,926.49156
1328.695549,58,926.609801
3686.775847,133,926.974818
1544.917545,46,927.122665
3452.832447,129,927.520204
1209.869003,34,927.61171
2084.159581,76,927.839698
3428.556916,124,928.212822
3624.332183,130,929.994283
2180.76231,99,930.219195
3179.198567,115,930.486701
2158.664192,77,930.659105
3437.417744,125,932.746112
3084.15733,108,932.978387
1664.498114,57,933.101604
2328.614894,78,933.259807
1481.002154,49,933.375676
1506.322178,46,933.492984
1314.32205,38,933.577951
4033.679416,146,933.874017
2878.187367,99,934.08564
2226.045265,76,934.260705
2352.089835,82,934.429322
2232.845241,77,934.612361
2751.360041,100,934.830725
3889.287053,146,935.147197
2574.907566,94,935.352515
2708.489694,92,935.572118
2325.826456,77,935.74108
2217.811393,78,935.903473
3188.202703,117,936.156371
2070.520602,70,936.310693
2563.074265,102,936.531918
2277.586194,77,936.720196
2705.992603,99,936.939237
1967.816508,64,938.079885
1608.287154,64,940.042502
1697.662005,53,940.214468
2497.396197,88,940.496164
1310.155138,67,940.71201
2491.622663,86,940.966706
3692.595523,130,941.349516
2318.852709,93,941.615315
3579.983068,133,942.012412
1270.251662,40,942.127907
2741.878815,101,942.454395
2930.496964,103,942.789201
2517.762908,115,943.175629
2838.92794,97,943.396778
1728.71427,54,943.51848
2254.085024,77,943.683009
3299.487027,123,943.945366
2397.350535,81,944.13732
1875.93736,59,944.260358
3086.778813,108,944.507557
2883.304951,107,944.742421
2083.80243,105,944.968949
2218.052409,74,945.142238
2738.406375,102,945.363094
3169.865814,121,947.438371
3775.134326,136,947.73467
2135.573797,74,947.885974
3470.533842,126,949.280731
2094.964165,81,949.450244
1326.398076,38,949.53913
1539.571636,49,949.642869
2039.895981,70,949.801979
2766.258188,97,950.012796
1589.281683,109,950.240658
2875.437775,99,950.479125
2271.601589,85,950.672865
2451.577122,85,950.851272
3657.024559,130,951.131328
1451.559142,45,951.239818
1955.505506,66,951.390208
3694.98634,130,951.672586
2089.384409,68,951.822594
1477.171928,53,951.931507
2256.77832,81,952.108536
2118.278696,76,952.269478
1307.960721,38,952.378428
2773.978722,95,952.573828
1914.10688,81,952.748897
2248.69302,79,955.192341
2446.593017,87,955.462749
2398.080438,80,955.716477
2515.348324,108,956.072933
3927.451412,143,956.471267
2685.620398,95,956.68671
1478.437603,98,956.902428
3446.355097,127,957.18938
2728.143317,93,958.171409
2029.036766,126,958.44638
1690.540073,52,958.55526
2975.710981,112,958.814446
2213.849951,71,958.975417
2496.906232,86,959.152806
1368.114134,45,959.252412
2221.317394,76,959.413019
3407.848314,141,959.738751
2817.726964,97,959.95201
2917.406554,109,960.191837
2630.249549,90,960.396498
1803.424891,58,960.516168
2949.253004,119,960.789691
2482.837244,85,962.793014
2675.247891,90,963.007619
2648.603315,91,963.206067
2788.881109,100,963.415042
1679.428795,76,963.58314
2931.798771,103,963.810723
1350.328913,59,963.955889
3640.583513,132,964.241568
2136.302282,72,964.389071
1793.932044,56,964.513623
3008.604845,104,964.730633
2575.583355,91,964.93466
2161.335139,73,965.109458
2254.330049,74,965.267014
3617.751344,133,966.739765
2936.327828,103,967.088972
1276.062795,67,967.278594
2519.541826,88,967.542944
2417.459667,81,967.768133
1624.721401,51,967.917442
2593.91132,91,968.188125
1789.2163,60,968.36839
3066.785833,108,968.703067
2265.981862,81,968.965303
3410.405852,127,971.240828
3357.485981,122,971.534045
1843.317049,85,971.725407
1694.984675,57,971.845941
1879.368511,59,971.982469
2572.728115,85,972.157391
1350.490685,43,972.257099
3044.899512,106,972.496285
2242.269423,80,972.67276
1170.610336,78,972.847809
3557.086563,133,973.1328
2985.661414,106,973.358534
2970.109458,107,973.610078
2910.748492,103,973.839859
2848.530848,101,974.060551
2225.282668,77,974.229335
2268.238009,74,974.384307
2046.83557,70,974.555748
1702.06877,53,974.669356
4030.942706,147,976.050817
2490.982294,83,976.233686
1522.646188,103,976.457525
1635.456219,126,978.618122
1948.13404,62,978.772375
2910.90712,99,978.996144
4048.328823,149,979.316831
3402.321388,121,979.637176
1207.777246,33,979.742453
2370.17793,80,979.994387
3835.79361,139,980.396314
2891.111076,103,980.6868
1255.623232,47,980.825108
2806.008978,100,981.124011
3503.92289,124,981.486601
3386.630282,121,981.881518
2353.720903,77,982.141879
2392.546839,83,982.413457
2207.767363,87,982.699343
3861.92461,137,982.991016
1334.450815,46,983.118252
2039.106901,66,983.253559
3140.626752,110,983.489909
3280.255765,116,983.742675
2995.719501,108,985.762226
2368.66249,89,985.951162
2879.313962,104,987.221001
1391.434243,41,987.307462
3445.536529,124,987.577717
3325.129237,118,987.833646
1617.744435,50,987.946672
3617.738085,126,988.218176
1575.41421,116,988.491235
1636.944025,53,988.601767
1533.802668,45,988.706267
2216.152013,74,988.85644
1945.763282,65,989.000791
2666.572441,95,989.196789
2370.856401,106,989.445963
2823.0412,100,989.668295
2981.237795,108,989.903356
2180.768234,74,990.060599
1992.431595,76,990.233544
1213.125999,34,990.30932
2459.990841,83,990.504487
1597.337193,91,990.708176
1396.345851,40,990.792796
3611.520664,138,991.092647
7.670565,89,989.105128
3231.865834,112,989.365672
3091.734522,119,989.629375
2409.784143,97,989.841215
1689.582194,53,989.953311
2611.36888,89,990.155724
2762.785814,98,990.376471
2587.461926,88,990.570796
2540.742752,93,990.779126
1989.350692,79,990.951529
2067.274595,76,991.113803
1512.817669,49,991.222853
6,988.824372
2190.269282,73,988.98087
2141.520671,73,989.133275
1559.11773,97,989.362797
2359.56634,81,989.546747
2353.515574,78,989.708732
3512.809127,126,989.983205
2475.417551,85,990.177425
2004.477716,123,990.461733
1640.82891,55,990.576315
2943.578149,105,990.809288
2015.900863,79,990.984134
1620.331919,49,991.0881
1559.625161,46,991.184015

2928.503276,114,987.935124
1718.94497,61,988.063405
2167.805838,73,988.224005
2213.726776,73,988.398762
2406.019153,120,988.664525
3665.094612,133,988.948264
2742.507818,95,989.144417
2255.437624,79,989.337313
1971.076897,63,989.46911
2678.495032,92,989.675487
1635.504039,61,989.801828
1254.758594,97,990.015496
1531.50866,50,990.12864
2002.927243,67,990.278216
2233.687733,76,990.462577
2248.95599,77,990.629181
2973.476696,105,990.854226
3599.43986,130,991.138348
