#{"t_start": 1777901893.9573681, "env_id": "None"}
r,l,t
-754.281937,27,8.18771
1910.236819,157,8.382674
1461.811471,100,8.49654
382.107488,79,8.590546
2868.748144,137,8.745708
1303.458766,45,8.800868
-807.130079,41,8.846427
1826.924236,97,8.956
1757.738279,106,16.409456
2097.074102,88,16.514567
76.441576,95,16.697224
-451.472413,50,16.788102
-719.683267,33,16.843922
2645.430271,148,17.133587
2348.534453,101,17.306324
1901.732373,76,17.424283
1168.461779,42,25.323771
3054.504654,134,25.480734
-697.054422,49,25.537859
551.154179,73,25.619256
2919.765125,132,25.777842
2666.364058,140,25.93645
655.844378,103,26.060348
448.895034,75,26.162441
1238.559394,111,34.249673
102.162357,63,34.324435
1815.050941,87,34.42658
-892.847868,36,34.471143
-738.130323,23,34.497266
1859.357741,71,34.586065
-128.286435,78,34.686313
1227.902997,39,34.734162
1496.010024,73,41.807989
1882.84512,68,41.900205
-842.181483,25,41.928362
984.396649,75,42.013939
-724.337169,32,42.049576
1583.740804,100,42.188522
-852.137845,33,42.225616
3165.443743,173,42.428627
761.03509,103,50.307031
-41.669525,63,50.399708
-864.256965,35,50.442994
2159.736366,88,50.550466
115.48622,82,50.647598
1456.911389,109,50.773991
-487.00456,49,50.833376
-378.370153,38,50.881328
1442.047964,43,58.632566
1085.362538,109,58.825901
1554.45455,100,58.989751
2416.370146,140,59.237283
1656.402964,108,59.429803
998.235144,64,59.530945
155.291484,93,59.642108
3085.437555,129,59.788114
2940.655664,144,66.911981
1045.988935,126,67.058777
2957.042112,154,67.251993
1210.478541,71,67.344775
2677.862974,102,67.464309
63.638961,57,67.528516
1789.784487,80,67.628459
173.421031,62,67.701655
-390.310933,44,75.543163
3562.986845,142,75.713088
2610.1184,106,75.834899
827.448686,46,75.886584
2433.311311,134,76.048193
363.708764,55,76.113615
1869.201131,75,76.197884
1868.157163,109,76.335682
-736.954758,28,83.854384
1038.323003,103,84.040241
2976.226643,124,84.259753
-282.201767,48,84.335239
2723.234474,124,84.538142
1817.089437,84,84.700269
2566.967785,102,84.882226
1709.335294,86,85.025382
-251.291235,52,92.273798
399.966581,78,92.386594
1331.022847,50,92.446934
3305.507739,129,92.606
-51.86835,55,92.672209
-253.75226,84,92.771551
3379.344978,131,92.92847
2764.874913,126,93.075175
3585.385562,136,101.079412
1732.05546,59,101.148401
2868.177002,122,101.286161
1387.725569,71,101.375784
1808.272322,93,101.481189
1476.020664,61,101.552915
2298.297187,148,101.728751
-656.671576,27,101.758924
2088.660009,102,108.944942
519.202524,109,109.119002
-455.192263,64,109.23939
3225.406862,148,109.471961
2049.668374,81,109.629792
-226.350503,51,109.725663
3051.063246,113,109.906551
1913.93108,102,110.063322
1984.615122,97,117.728098
1954.393857,99,117.847883
-349.680241,46,117.899528
1390.553166,79,117.998136
-162.829997,49,118.056949
2753.007161,127,118.205507
1762.633305,98,118.323742
2794.183698,137,118.483538
2865.054825,137,126.516924
-94.439728,54,126.581802
1729.181574,77,126.671811
-5.898603,78,126.762779
2624.866453,111,126.900148
3695.176936,146,127.06709
-823.392456,28,127.098655
2391.813356,82,127.219687
-863.444373,34,134.218345
-0.902775,55,134.285392
3515.580216,147,134.47893
-96.864899,57,134.546449
2254.491848,118,134.6832
-220.163572,48,134.740923
2815.645058,118,134.880331
3936.977958,173,135.174937
-69.002665,65,143.117834
3120.368174,152,143.302111
1524.696517,69,143.381308
3150.147497,188,143.599538
2756.626123,111,143.727629
-35.070329,62,143.79779
1439.249916,51,143.859118
-664.780809,27,143.889104
1454.480174,83,152.024873
1859.310794,130,152.172775
-20.696343,74,152.25748
-556.08149,45,152.316529
2266.03613,83,152.426955
2149.735883,86,152.527872
2478.795956,117,152.658916
1843.583754,122,152.804343
2320.297313,82,159.882816
2220.978276,87,159.986059
2416.255817,123,160.12973
1701.077133,56,160.195724
1457.2831,74,160.289124
2769.855797,139,160.449218
1203.934378,47,160.501626
2162.226293,106,160.627176
899.710921,78,168.811999
1783.672931,70,168.892363
2806.021394,141,169.055866
-218.340196,64,169.134945
98.411719,65,169.224039
1450.833258,67,169.3024
1497.331239,62,169.375054
-208.060066,43,169.435409
2736.469025,138,177.613758
1520.349641,88,177.728647
-727.952861,48,177.79302
2771.944488,106,177.915081
-684.043521,35,177.957804
2843.593476,112,178.087169
-453.05735,40,178.132202
-655.942506,42,178.183232
727.548876,51,185.371861
-738.523479,22,185.396509
-896.227808,21,185.419974
1905.568117,84,185.516413
3271.170204,169,185.714114
3451.392442,153,185.892095
808.972554,63,185.968121
225.00759,84,186.07629
1460.129567,77,194.052365
-433.004777,46,194.107131
2603.442568,121,194.252199
2419.096191,110,194.380543
2257.559931,102,194.526885
1663.77946,69,194.608046
-202.15513,58,194.677494
2338.380385,81,194.776315
3778.228927,144,202.954009
1001.307075,41,203.031375
12.127197,78,203.188168
-375.368883,46,203.263295
1753.187146,102,203.447778
2101.630632,106,203.621913
-276.763966,55,203.687506
1772.719608,70,203.769525
1840.807198,76,210.806129
3337.296504,145,210.970912
-435.664107,36,211.017169
-140.183734,50,211.075978
2612.001511,105,211.195355
2433.752837,114,211.336188
3054.922213,158,211.527686
-657.342095,28,211.564188
1211.909153,42,219.55721
2004.982132,100,219.675457
2294.094276,89,219.784039
-304.341353,49,219.846416
1484.163893,74,219.942831
1304.168956,45,219.997762
1800.552513,105,220.130508
1929.007,87,220.232154
2518.146266,125,228.015513
3431.892453,149,228.272402
1816.08535,71,228.380983
1095.25694,70,228.48752
7.875686,68,228.599687
-475.475418,50,228.67939
3317.164173,123,228.901928
1317.093252,46,228.983099
1563.276289,62,236.410797
341.525502,68,236.491259
-781.136055,33,236.531844
1642.976572,70,236.62669
-665.175716,27,236.658326
2296.018576,155,236.852097
1486.733966,53,236.911771
635.460655,82,237.006592
-702.74385,28,245.023814
1198.629585,68,245.118074
846.314357,45,245.17135
1349.932726,64,245.255249
272.70134,75,245.342929
1352.778934,50,245.403444
1939.059497,102,245.527793
-352.448887,48,245.582308
1614.073389,49,252.662011
2513.286134,105,252.787897
-746.191127,28,252.822319
1499.099523,121,253.020281
1866.378808,71,253.138592
2434.016362,142,253.372205
1889.153195,68,253.501961
2245.771259,123,253.690886
2318.440238,91,261.645807
-215.978682,70,261.753169
1233.682689,53,261.824892
1864.472717,81,261.921632
2482.658407,158,262.129544
1133.637164,49,262.189502
2670.423815,122,262.335867
-203.231313,74,262.423432
2631.031041,130,270.568282
2803.104898,106,270.689706
1696.158656,134,270.856646
1690.195781,99,270.972335
2219.270695,106,271.097733
1497.354833,77,271.188105
3397.809083,133,271.356333
2371.503745,82,271.452549
2804.141745,145,278.713369
1547.61465,67,278.813118
-209.348169,44,278.862957
-152.874575,66,278.940931
2454.221878,124,279.092512
2872.966461,122,279.27254
2990.064493,122,279.477231
2275.692663,86,279.61354
1656.291707,61,287.64061
1266.509931,48,287.700633
1700.736224,90,287.811262
2898.243667,189,288.035883
2943.430617,140,288.200291
-516.727449,39,288.252381
1421.802078,50,288.308947
-523.17114,32,288.347862
2265.918202,128,296.420582
3245.738093,149,296.604738
1274.182521,106,296.727216
-739.555147,51,296.804715
-692.922788,24,296.833762
2268.170068,131,296.992806
1914.995188,85,297.094888
1229.850554,73,297.180408
-437.958091,39,304.372722
2634.204596,101,304.490147
-465.689626,33,304.526753
2283.382885,89,304.627738
2671.127083,133,304.785181
-320.565343,46,304.838789
2050.511269,84,304.933297
2610.941659,137,305.106935
-189.185599,47,313.220116
1600.284624,95,313.3305
1719.767729,63,313.403766
2069.220513,72,313.498327
-614.54331,60,313.572934
2207.640547,75,313.665049
2587.577943,125,313.815483
-258.312343,44,313.865393
1253.266238,113,321.986452
3116.229858,171,322.204218
-358.53653,41,322.254279
3631.265786,154,322.439221
2974.883446,182,322.649013
2120.395463,89,322.752992
2305.33499,110,322.878115
1948.856403,75,322.970505
3636.311375,274,330.496204
408.129197,150,330.673824
1846.481439,85,330.775422
2090.824179,80,330.869092
3679.142735,225,331.136001
-399.194604,37,331.181915
1871.018511,90,331.294974
1495.677123,83,331.399786
2925.582606,149,339.632726
3148.471618,142,339.798717
1580.445791,77,339.910452
1192.157523,53,339.976691
2321.976435,108,340.102178
864.742595,64,340.178004
2609.354987,118,340.324749
1134.290192,88,340.434045
1885.902787,66,348.595458
2221.654271,122,348.738075
1593.735816,63,348.81872
-637.808294,28,348.850454
3201.835771,179,349.065403
2014.937376,127,349.223252
2357.659204,94,349.347022
-746.283031,23,349.377861
811.99716,61,356.580293
1359.118783,68,356.682916
2822.279047,109,356.809055
1989.078984,127,356.961438
-55.013997,56,357.026218
-531.2002,49,357.083457
2003.223703,76,357.171055
1523.574364,123,357.320479
2266.942099,91,363.644506
-689.608208,33,363.687371
1186.892878,66,363.767594
1447.693109,56,363.836272
2964.95664,151,364.009898
2154.918441,127,364.183731
-294.005957,41,364.233533
1499.960882,132,364.388056
-210.459884,47,371.436835
3018.96549,111,371.570863
-519.485531,44,371.624734
-392.08904,57,371.697833
1578.106561,98,371.818146
941.064839,72,371.901567
-414.13969,56,371.966363
1512.773744,72,372.05452
1726.41317,71,380.154085
-805.594407,24,380.182554
3369.282013,129,380.338079
-883.739365,22,380.370351
2647.463603,131,380.521732
1639.066171,159,380.706462
1531.697307,54,380.770177
-190.642773,44,380.821547
-6.601456,67,389.044558
1361.013815,50,389.104005
1163.27317,106,389.235851
-200.388121,105,389.359492
-753.894905,27,389.403617
3370.720357,148,389.574908
-533.698367,36,389.618805
1669.399806,64,389.69194
1793.437689,67,396.809803
3437.542777,138,396.976634
1488.028106,62,397.045176
149.236089,65,397.128904
2529.50308,117,397.26621
-326.001197,50,397.324932
1486.726716,63,397.397594
2028.742012,80,397.494429
-780.006414,52,405.549373
-757.93754,27,405.58107
2063.325189,99,405.698021
1367.796733,59,405.768327
-284.514824,54,405.830944
-827.391746,32,405.869755
-694.823028,31,405.912989
1328.190883,39,405.961392
3846.460352,205,413.958092
2992.598935,163,414.227479
1746.756578,67,414.35686
1226.635192,49,414.439628
1345.917173,62,414.552601
1731.166988,72,414.697239
1361.587769,68,414.842474
1348.137725,87,414.977013
3539.540674,199,422.226279
238.245312,66,422.314281
3114.61962,157,422.501885
1325.275908,57,422.568434
3306.577991,167,422.765943
-926.572715,20,422.788589
1322.29853,111,422.918005
141.073117,65,423.001762
3091.248469,170,431.180814
1111.521436,78,431.275236
-234.787325,45,431.330213
-797.467156,26,431.359394
-795.602932,33,431.397092
-391.485784,44,431.454263
2528.544898,154,431.631279
-796.286881,27,431.661553
1720.434651,120,439.402901
2021.988109,101,439.566531
1814.534888,105,439.724995
1840.668238,80,439.866152
1205.01727,117,440.047127
1620.086754,49,440.11781
1232.394994,98,440.303406
1388.90653,88,440.476709
1337.566246,68,448.024478
-669.062273,38,448.070463
1187.251359,61,448.138149
-270.669589,58,448.210087
2726.568113,125,448.363133
2348.965773,79,448.454349
2716.268474,163,448.651028
-697.159488,40,448.713766
3055.156647,156,456.8762
1999.400698,83,456.977294
1812.202859,72,457.063393
-109.49639,55,457.12569
1550.423909,80,457.238535
-352.041524,55,457.304598
-747.64724,27,457.33807
-654.352118,25,457.37004
2898.546529,137,464.734998
-169.575524,45,464.804255
3317.532469,132,465.031873
2159.365113,127,465.238184
31.62544,70,465.357268
2651.576012,105,465.521342
2484.210634,124,465.735966
1413.126139,48,465.810705
-762.913194,32,473.505354
1789.725274,74,473.592299
-609.191814,53,473.653231
1976.413938,87,473.759764
-229.4832,46,473.815002
2205.312304,83,473.91094
3083.595183,145,474.103338
1234.872919,53,474.162285
-270.356081,48,482.34685
-483.663576,37,482.392824
2785.066029,124,482.553041
-730.648868,36,482.597606
-379.482149,72,482.688967
1920.140695,92,482.795038
3945.531675,188,483.023099
1425.596438,41,483.071063
2691.56466,136,490.387479
1872.60603,82,490.482109
-487.719416,37,490.526129
2243.177969,92,490.642082
1776.276537,91,490.744863
1285.83029,94,490.868953
1928.476529,80,490.964053
2205.914004,91,491.112566
-1115.659422,44,499.207873
1920.788755,77,499.312355
-571.250933,37,499.358845
10.864064,55,499.422657
282.555262,70,499.509205
-272.736482,61,499.582347
1494.902506,51,499.644318
3271.2785,148,499.817114
532.729551,104,508.175365
1383.500758,83,508.282427
-21.664177,67,508.359872
2396.501287,94,508.466762
1967.324856,78,508.561225
1434.990231,68,508.640519
1699.607714,52,508.700111
3242.526327,146,508.893065
2187.833735,84,516.012972
1257.077796,90,516.121263
1952.774955,80,516.230126
-647.298173,37,516.272023
-13.034792,66,516.358455
2009.509034,88,516.45866
3051.098716,120,516.598591
3572.568207,131,516.754351
1236.067745,58,524.999792
2495.549546,100,525.119653
1163.863551,94,525.235009
280.385954,88,525.338219
1699.975305,79,525.433543
1241.488148,37,525.477617
-646.622953,68,525.55363
1466.134936,46,525.609896
-742.660905,27,533.572395
-151.244789,51,533.652189
3345.703398,155,533.920723
1839.234398,74,534.051733
-829.853934,26,534.104728
1376.569135,101,534.300468
2508.288542,100,534.445057
-489.416428,60,534.517907
1732.660535,68,541.766783
-353.827666,46,541.8235
1294.953737,44,541.876261
3196.85563,125,542.026495
1260.265171,83,542.122953
3013.568322,118,542.257306
1014.171904,67,542.351826
1280.870102,64,542.426469
2087.923033,85,550.624983
-332.510124,52,550.687361
2959.406422,136,550.8447
352.55188,86,550.950343
2278.037263,81,551.046919
2322.850529,102,551.179965
1544.09689,117,551.331897
1412.099963,51,551.390386
2074.526986,109,559.022465
1796.06064,58,559.11416
1769.584005,86,559.245646
1371.84209,99,559.395054
2218.966334,115,559.585921
-709.458203,28,559.635119
3146.685421,168,559.91775
-494.261241,46,560.001888
1416.656886,91,567.584333
1426.021564,47,567.638719
-822.632136,26,567.671529
1424.063342,82,567.766207
1500.898895,85,567.871421
-269.112614,56,567.935227
-238.990973,45,568.003574
2687.713106,147,568.187635
2733.059035,105,576.331081
1885.308066,71,576.418978
1758.418839,125,576.580843
1844.112389,78,576.672702
-678.412866,40,576.721853
1219.986594,48,576.779594
1953.092059,121,576.917756
1865.954655,75,577.0115
1311.340328,75,584.189543
1906.410862,70,584.311404
3404.059337,154,584.588372
-454.13702,41,584.653461
2967.843057,166,584.956729
-672.610689,25,584.994111
3136.578151,169,585.26744
2591.12598,130,585.476156
3408.569207,152,593.464324
557.251055,76,593.552885
3117.983037,150,593.73748
-407.24562,51,593.795389
688.156218,60,593.866785
1298.185302,69,593.948265
-260.778395,47,594.010544
1386.672351,93,594.118712
2974.594849,114,602.262607
-540.837195,38,602.308943
3606.350781,173,602.5217
3148.257251,150,602.70186
1242.212636,73,602.806948
-558.291088,37,602.849512
-816.152663,25,602.87787
3541.736514,147,603.056853
1818.12725,83,610.265873
1499.568816,82,610.359922
1188.875444,79,610.460955
2238.944539,84,610.558757
1394.175483,106,610.686489
1280.527287,38,610.75518
817.098041,46,610.84253
-806.284256,24,610.890721
1456.045234,53,619.103984
-471.435961,34,619.144748
-170.986788,59,619.217107
2198.10864,102,619.345024
-577.854815,33,619.381613
-108.588473,64,619.455483
1958.756963,92,619.561589
3515.48432,154,619.76013
799.202565,60,627.924299
-171.837484,56,627.997749
2128.308613,132,628.174985
1906.49959,77,628.264043
2780.185514,118,628.399701
2618.72524,98,628.518424
2515.662934,128,628.679666
1087.341143,39,628.723505
-889.226094,35,635.947864
694.317857,97,636.061703
1886.308,99,636.176805
1637.781753,69,636.268989
3011.115006,174,636.49136
1816.098189,88,636.596726
1930.012455,89,636.710249
1331.23436,69,636.791473
48,230.125489
1215.016824,77,230.316095
2385.435941,114,230.624339
-652.188061,29,230.700461
1753.32292,73,230.893099
3805.545299,170,231.349121
-775.591427,40,231.472118
1555.681291,104,231.731559
1299.045089,61,231.880424
-893.664237,20,231.931799
-846.451241,29,232.003072
-666.046252,30,232.073921
2695.939232,151,232.476095
2084.13311,123,234.69427
1979.241907,75,234.883832
2819.8605,119,235.179666
1557.022897,58,235.33134
852.133227,95,235.57779
3230.619261,179,236.033401
-406.466943,69,236.216132
-921.579157,31,236.289877
2081.852601,120,237.277184
1126.32981,55,237.411693
1781.402907,67,237.586283
1196.576151,134,237.9417
3496.379603,169,238.367678
1213.066928,46,238.487693
1333.322298,66,238.64937
1782.426463,86,238.884399
-767.095142,29,238.963524
-478.457838,33,239.046475
-970.573833,28,239.117399
3171.425349,189,239.590684
1731.449122,85,239.860683
1821.089248,75,240.140894
-629.110697,37,240.272675
-1114.306858,63,240.491227
-750.743735,40,240.624817
775.417906,64,243.378937
1392.097135,95,243.614089
3116.409243,149,243.994744
3869.928512,214,244.546864
3448.651997,153,244.935683
-551.914269,43,245.643315
-345.670465,45,245.758395
1305.065214,40,245.86126
225.397559,105,246.130274
1333.563115,87,246.366091
3038.858548,133,246.698571
-754.831224,54,246.836569
1685.139028,70,247.017682
-733.524506,28,247.08604
-371.959122,40,247.212499
2209.278162,97,247.456649
-851.443661,30,247.531749
-665.103532,30,247.611916
-699.070305,46,247.727409
1132.435942,66,247.8907
-824.739464,28,247.963989
2525.446659,102,248.23811
1574.891019,55,248.378948
2052.777927,86,248.589177
2791.577277,185,249.055668
-976.520272,36,249.144934
-708.905389,39,251.127308
1470.57387,71,251.309433
1125.470858,54,251.460287
-404.013955,40,251.55847
-529.433674,42,251.661591
-162.385673,72,251.843554
2260.744886,101,252.088874
-315.424529,78,252.29081
1310.185986,75,252.495419
2194.134523,117,253.954926
1004.133628,54,254.143513
2282.705013,110,254.517397
3551.903141,185,255.198138
1260.306374,86,255.51959
3173.874814,148,256.114239
-115.41439,61,256.278212
-484.63451,37,256.370246
-791.29523,74,256.553293
-719.096285,44,256.665422
1879.536877,74,256.867388
3076.802508,160,257.284168
2380.898781,117,257.578343
2903.531745,127,257.927861
-293.477963,80,258.126522
-193.949736,55,260.230674
-411.186794,41,260.332957
1106.540302,41,260.436775
-782.691233,31,260.514599
-609.229067,36,260.602195
-546.449882,36,262912.672661338.251817,47,260685.908171369.084622,66,263111.220443590.247504,145,261383.475892587.235259,113,22802.233171,151,262.912416
-637.7028522540.60931,110,21696.1269253262.908122,183,263.561481
1512.640166,69,263.737076
1891.390467,64,263.89041
3206.978544,181,264.372549
1418.173185,83,264.577504
-551.477541,42,22483.8681513128.669801,147,265.060175
3760.76644,157,23376.120821679.180636,56,2651052.51461,114,265.858582
1268.485008,45,265.971411
-613.9513108.844797,192,269.26345
3333.918182,168,269.704248
2842.696666,138,270.050667
3312.459815,205,271.664372
1286.762751,77,271.855724
1348.404288,81,272.056974
3440.260629,187,272.556118
-1257.107795,31,272.639839
1294.070971,49,272.766927
44.462687,64,2721894.15503606.206566,152,273.318578
-798.960013,25,2731696.0582691.610615,110,2733178.4722746.654604,108,273.1974.691-537.714014,40,2744.631322,89,274.25219
-269.263189,43,274.364171
3076.277015,149,274.756692
1223.857229,45,274.871357
-801.3534,48,274.997619
1933.806682,103,275.264322
-915.290191,52,275.395181
3143.132288,178,277.712803
1512.033976,52,277.866992
873.355494,143,278.227393
-344.89108,41,278.329566
-721.675944,24,278.389874
1281.566741,103,279.776119
1192.415006,121,280.228104
-254.313331,51814.129046,122484.196991,942931.776016,1-271.625267,71,1620.101592,-348.108615,44,3503.881622,151,281.653222
-664.678834,35,281.782767
1882.904836,77,282.102641
-440.674354,3056.386322,165,282.540763
-179.472391,61687.13367,1042455.583196,12775.159492,130,283.064034
1276.339175,592055.273285,12368.558428,1032225.543157,11637.29455,80,23151.180378,182,284.050108
-488.828396,36,284.139268
2184.617951,81,284.365776
1633.010049,109,286.521907
-813.034373,24,286.52421.85294.353021,69,286.751759.2-694.73178,31,286.841684.3719.307864,164,287.252387.887842,125,287.454328
427.525353,112,288.549205
3080.251606,139,288.893765
3004.698984,123,289.203999
3875.275825,188,289.697109
-352.026138,54,289.8377
2844.816907,165,290.247859
-583.044689,29,290.322123
1795.604213,97,290.583091
2517.870335,128,290.902861
3679.864796,156,291.288633
975.766799,107,291.578444
2670.979731,117,291.876095
1705.486643,121,292.218034
1906.343467,130,292.672583
-571.447122,41,295.396942
-305.86216,46,295.528975
7.056712,61,295.688396
241.445282,87,295.918722
-840.219708,26,295.988685
119.885072,77,296.17888
2683.76144,125,297.422156
-318.482758,45,297.533118
1624.543872,151,297.940202
108.392776,106,298.210912
-420.356956,49,298.331122
-43.254918,51,298.468931
1338.166224,53,298.598851
3455.544612,137,298.958232
832.07631,78,299.155656
1869.026205,88,299.383004
2112.047505,105,299.645863
-81.968732,54,299.778235
170.332198,59,299.949079
1492.989341,79,300.152437
-333.181494,49,301284.084183402.479148,178,300.723932
1265.905845,60,300.87383
2467.033675,103,301.150223
2113.147115,96,301.397029
1215.057296,65,303.550208
1275.706929,66,303.708746
789.108982,84,303.919249
-233.791461,54,304.065476
2319.821709,127,305.176309
-9.007352,76,305.372545
1419.367169,56,305.566251
671.547342,105,305.944455
2172.461961,158,306.498627
2065.019484,95,306.838246
-328.814081,53,307.015793
784.020327,66,307.27028
-422.657337,38,307.429469
-492.063015,37,307.572389
-523.316355,68,307.830538
1152.506203,51,308.015766
-863.840085,40,308.12618.120761,100,308.381681
1246.3046.21022,113,308.7781427.65751,64,308.936858
1266.86244,93,309.182064
1234.002162,64,309.350826
2791.241334,135,309.725694
2241.138863,148,310.10104
-604.157261,32,310.17872
2527.516715,192,312.499658
2591.435847,97,312.768256
2033.29003,126,313.081504
-153.125956,61,313.940341
1542.500638,84,314.152902
2471.81355,119,314.449594
2896.213245,131,314.78731
3385.801571,143,315.143085
1028.988844,84,315.362056
2991.423829,133,315.71139
-398.266513,54,315.840537
2407.248727,125,316.166235
3214.003836,166,316.59422
1623.589592,77,316.799347
-764.370587,24,316.85651
-273.223984.026259,174,317.1277.0641261.303357,111,317.332709
378.147894,102,317.59011
-534.9121,37,317.681832.21782.890673,89,317.935119
2632.460738,124,318.248058
-458.080276,40,318.357848
-327.576829,44,321.002063
2880.668823,142,321.543325
-1010.860395,47,322634.823857.111816,160,323.346184
2401.839714,94,323.618302
3010.290949,172,324.044659
2237.402982,154,324.447838
670.634463,55,324.594484
1297.417394,102,324.848178
3723.322542,173,325.295479
1224.122101,53,325.431476
3683.42925,184,325.890605
2913.244304,141,326.25754
-7.408461,84,326.479598
2715.692936,164,326.893225
2047.866764,143,327.267948
-557.226833,40,327.367751
-740.010425,41,327.480109
2309.132763,93,329.711906
492.013614,79,329.914093
2502.533762,142,331.547422
1264.446323,56,331.689468
1485.312225,112,332.017818
2363.368105,95,332.364987
1048.634678,74,332.65199
2685.492081,144,333.175754
2865.564653,156,333.738952
2635.948916,145,334.279003
-614.371794,34,334.400733
-765.139288,29,334.504948
2281.491171,111,334.963861
2375.963491,113,335.373581
1491.449503,111,335.659045
1591.980289,67,335.84158
-889.310342,33,335.92781
1119.830691,99,336.168822
1676.310362,68,336.347845
-522.666356,42,336.452945
2641.312001,138,336.816269
-493.486958,54,336.947619
2787.184475,98,337.202576
1370.539471,56,339.165367
-545.368279,78,339.368175
1897.160146,139,340.711216
1877.140076,169,341.168207
2450.642713,150,341.548056
-441.820242,58,341.687246
1802.954416,78,341.888886
2447.378757,108,342.176683
2501.847019,122,342.489512
1859.688679,85,342.703591
2111.866875,96,342.947425
-871.668035,31,343.03897
-471.420018,44,343.159915
1260.678416,72,343.338921
-753.872478,23,343.397586
3590.720559,164,343.821218
3329.687712,169,344.268296
944.612813,59,344.410364
-378.977137,51,344.551068
-267.476243,52,344.684647
2360.033197,120,344.984903
2044.090125,102,345.259958
-430.150097,37,345.379951
3630.186503,217,349.671737
1633.643622,93,349.906883
1562.235836,55,350.041503
1248.711427,45,350.151901
983.857562,96,350.421098
1932.447973,134,350.764612
-532.036298,40,350.877792
1273.635799,68,351.052521
1306.363248,44,351.162832
-139.832435,83,351.385668
-269.287244,68,351.577059
2458.582944,118,351.88693
2049.949696,85,352.099746
-708.609224,26,352.162081
-568.380958,42,352.266135
1275.633428,47,352.380743
1767.155717,75,352.59594
1907.199469,102,352.8573
1574.50623,65,353.026424
-240.02069,48,353.143793
11.64801,79,353.343363
1051.984733,55,353.482641
3020.070532,128,353.832158
-611.464262,36,353.95962
-679.653858,64,354.125375
1052.66192,66,354.293685
-116.566332,60,354.449031
3293.546524,163,357.569345
1337.382434,54,357.725964
279.961182,83,357.931646
2598.414362,117,358.224093
3179.872314,162,358.66727
-664.893875,32,358.808096
-672.430542,38,358.944376
1122.818808,112,359.323387
1233.718412,78,359.586916
2146.055936,85,359.891583
-18.133123,62,360.100058
2068.624713,90,360.402771
1582.61947,95,360.739376
-695.997029,39,360.907064
2094.775635,89,361.232122
1695.00062,70,3612139.871-833.820536,50,361.722002
1878.195431,92,362.097888
-389.569534,39,362.204707
1041.88863,44,362.312125
-547.768401,36,362.4778.5381261.954748,73,3622626.70383865.660227,200,363.11777
60.417184,62,363.282685.9-816.225854,86,363.499663
2481.736721,148,366.574375
3491.472791,194,367.066561
1234.734618,114,367.380176
-101.445739,53,367.51094
3377.4903,125,367.826317
2869.438385,169,368.271282
-866.1464,34,368.355376
-827.514887,24,368.423573891397.225709,77,368.620141752797.628482,156,369.011922402855.853508,126,369.34491
65.519975,638,370.963669
1777.098449,102,371.218625
2020.965323,87,372.184777
1250.104285,104,375.20382
1723.597268,75,375.40068
-845.583961,32,375.480334
2508.977481,103,375.762433
-278.80831,56,375.899387
-736.836449,26,375.970922
-438.024712,46,376.08458
1576.565581,67,376.262977
1324.302167,86,376.479128
-811.625024,26,376.548552
1427.569011,63,376.723868
-562.400307,38,376.826747
3103.113223,115,377.117517
142.21454,89,377.345934
3333.322947,186,377.84108
1683.925449,87,378.0669
3398.937297,148,378.440863
780.332776,98,378.699228
2786.35556,181,379.180076
1360.687284,129,379.508617
1459.250508,56,379.647205
649.024066,88,379.889905
-760.350155,22,379.947492
1153.789057,111,381.007627
1751.60205,75,383.088953
1641.361543,71,383.269044
2435.04708,120,383.570982
1521.91919,69,383.744381
-729.122192,48,383.874242
1279.786828,50,384.014109
2348.362466,93,384.276665
2803.885191,121,384.590058
-499.486276,37,384.688583
2491.469693,120,384.987622
2370.733054,132,385.42588
968.209222,116,385.847095
1464.615614,59,386.054086
-731.057038,26,386.150238
3775.996227,224,386.928172
-813.382781,34,387.04217
2110.294573,164,387.675388
3428.549925,148,388.257592
2398.419859,96,388.6208
1586.286205,92,388.862118
-667.257948,39,388.959432
-811.568714,26,389.761716
-772.952309,26,389.829057
2721.790695,155,392.090965
1312.824412,69,392.256953
1447.903004,122,392.594848
217.530203,85,392.813887
1423.18947,47,392.940136
1053.072883,54,393.07196
3602.7417,157,393.475633
-108.175593,49,393.61953
1208.461053,75,393.80723
1674.383165,69,393.985107
1498.377791,104,394.249089
1955.948424,98,394.496888
2045.178998,80,394.718085
119.265924,78,394.920389
2872.418756,133,395.256607
928.009622,75,395.441311
1713.05653,117,395.752061
2100.773906,128,396.069965
2829.341477,152,396.453367
1552.455747,51,396.576752
-573.342922,41,396.693327
2797.596934,143,397.849867
1247.250657,108,400.50934
1619.607916,96,400.878898
-983.570298,27,400.995451
-1045.798721,77,401.306434
2427.601958,130,401.737798
-712.072527,32,401.830526
-928.492461,28,401.897431
1625.922149,77,402.116029
3000.852112,155,402.515134
2363.481377,148,402.91092
2998.736118,176,403.392543
-348.033635,38,403.488764
-727.301726,31,403.56593
-402.209423,42,403.675944
3756.477977,158,404.093091
2987.327515,152,404.473462
1352.801845,86,404.691823
829.496784,111,404.978622
-505.423001,62,405.156268
1691.124942,107,405.419673
2168.662814,99,406.155132
-48.083876,61,406.321913
1468.97488,92,406.54806
1262.35914,41,408.509098
1948.798078,100,408.76693
-674.555925,47,408.882894
1381.459281,49,409.014598
1694.371116,106,409.293949
1802.975364,97,409.541499
-158.148156,59,409.695575
2423.888026,99,409.942578
2872.511058,160,410.368043
651.502697,140,410.71745
2879.622894,138,411.06857
2608.013776,107,411.339753
3655.406341,219,412.080626
2835.586377,137,412.58862
1987.026374,75,412.854664
2999.65532,129,413.310892
2546.435572,107,415.07102
1459.308239,57,415.222324
-825.627036,29,415.296368
1602.285102,78,415.495144
1370.562993,82,415.698623
2223.545104,97,417.790722
2790.36588,126,418.131152
2603.272316,144,418.506627
-508.165222,39,418.607576
-40.753894,61,418.757227
2177.740055,109,419.039642
997.328685,55,419.206201
3625.595945,190,419.672326
-397.182748,43,419.785073
955.957468,66,419.950464
-75.651517,91,420.201977
1144.024583,67,420.372882
-793.599959,34,420.456231
-334.720959,54,420.59425
-718.807807,35,420.680831
-457.926577,40,420.781358
-546.120335,48,420.904493
2741.749819,113,421.211449
2188.910334,155,421.606007
2576.939682,92,421.839511
-378.985153,40,421.938358
-429.57285,38,423.054098
1264.792063,48,423.170074
-696.876241,29,423.242796
2466.515961,138,423.609482
924.962392,122,426.048436
2722.017092,121,426.4668
-791.167522,28,426.605161
3373.800714,213,427.403408
2339.796012,101,427.832061
121.365251,74,428.103334
1593.483721,83,428.320301
1884.335152,80,428.524936
2710.763217,137,428.888086
2298.798113,154,429.275236
1736.586436,70,429.460918
-32.620231,68,429.630899
-410.658468,90,429.873571
2597.725696,153,430.264593
3067.331679,153,430.64672
1532.821634,66,430.829934
-374.608753,43,430.939489
791.364039,67,431.813392
2984.444201,158,432.228359
3204.493643,122,432.534293
-590.763561,45,432.648037
3316.75208,132,434.955277
3747.893326,177,435.418921
2976.960365,130,435.757032
1243.121623,60,435.906202
2657.022166,115,436.218029
-676.994908,60,436.37823
2997.528766,199,436.892701
3327.597468,156,437.311203
1717.331428,113,437.609027
2590.354727,129,437.942596
-29.118195,57,438.10535
3355.0505,147,438.674635
1240.686592,40,438.810762
2064.192249,112,440.508645
3174.005085,162,441.132015
2408.398109,115,441.498488
1324.889345,50,441.62729
-113.410378,57,441.76823
178.759251,73,443.954541
-731.240136,33,444.035495
2228.06234,102,444.294847
2440.196322,132,444.644607
1568.088477,59,444.790579
-770.386019,29,444.871636
974.666913,52,444.999327
1672.244293,71,445.211535
1197.618677,40,445.311625
385.033545,82,445.518937
3677.690499,198,446.035547
1469.964126,101,446.282991
-804.657547,33,446.374614
2601.068559,123,446.699846
-441.236742,52,446.837672
2123.829565,137,447.181777
-521.66773,50,447.308469
-738.940725,27,447.380701
2360.149224,124,447.715218
1253.960093,130,448.826235
-629.190562,32,448.906187
2715.994756,132,449.265358
1883.924619,109,449.547285
2877.420012,117,449.8664
1292.268197,47,449.98397
2377.127504,114,452.398812
905.978032,72,452.647657
-424.143877,39,452.779633
-926.445223,25,452.866913
1887.898446,118,453.284319
2653.018593,125,453.77448
1947.139071,87,454.115488
2719.084546,185,454.721912
1555.41755,80,454.920065
3092.312199,122,455.24381
-734.65137,91,455.479367
1266.676846,60,455.638625
1467.695365,65,455.796674
3389.699907,148,456.195165
2442.554639,114,456.49039
1344.382279,48,456.607549
-591.553606,27,456.681008
1302.539519,70,457.552155
1875.415562,95,457.80113
904.744508,128,458.124349
2662.869365,147,458.51936
14.75806,75,458.713944
1833.252962,77,460.805965
3234.658889,160,461.212352
1089.064741,108,461.506219
1735.966018,117,461.796736
1277.636385,37,461.888087
1909.680216,75,462.082216
2251.97505,130,462.41975
-123.059053,63,462.600858
1382.507355,69,462.771574
2978.419747,164,463.196095
-89.410101,75,463.386699
2134.468955,103,463.66748
2607.36138,114,463.960489
-442.832583,75,464.144804
2591.389326,125,465.833307
-388.629915,39,465.965256
2465.512596,123,466.397877
-931.529161,47,466.565833
1649.56035,78,466.898263
2980.485526,171,467.566219
1671.978352,75,467.824664
3574.087557,243,470.294856
300.016069,89,470.514172
2820.782541,135,470.885885
-856.125783,51,471.016235
-350.119489,80,471.231766
-663.103191,43,471.344181
2547.903805,103,471.607423
2886.354522,142,471.983218
2086.197013,118,472.285126
1961.629411,77,472.482946
-847.882954,40,472.583113
-634.765013,32,472.663863
-7.421444,72,472.842328
2436.464941,108,473.135588
2229.830215,147,474.211253
2070.550779,83,474.433334
1522.463298,47,474.549473
-316.118943,50,474.679355
2085.112963,73,474.857582
3030.79801,154,475.273098
1744.608994,99,475.545623
-749.383753,37,475.647983
10.256064,82,477.756018
-586.150232,57,477.974146
259.962897,72,478.241469
-833.116234,23,478.324044
-171.105992,65,478.548279
3363.834103,151,479.077242
1376.876963,87,479.400584
-779.605857,24,479.485601
1913.903486,70,479.725423
1267.000937,100,480.134121
1525.793245,47,480.307975
-897.956565,43,480.498368
-540.590091,31,480.614694
3728.017712,190,481.244014
2996.563585,116,481.568047
1291.629993,38,481.658715
912.774597,102,481.924066
-849.631226,44,482.035503
1343.746375,58,482.179981
-226.49463,47,483.093936
3154.272199,195,483.608928
3508.550483,195,484.107547
2726.11893,108,484.384161
-444.744292,43,484.489519
-537.828989,31,484.585628
2990.721893,159,486.944591
-220.05219,50,487.075591
2345.693049,97,487.322186
-310.443256,62,487.488209
3150.062803,191,487.988713
1881.276782,100,488.251445
1763.563809,64,488.406804
1801.664902,112,488.691381
-45.56596,51,488.843455
1362.995401,94,489.075902
-187.014503,57,489.224781
-680.688447,43,489.339324
3452.190273,174,489.801825
2554.25631,109,490.070591
-712.224008,44,490.194766
2866.840679,144,491.593471
1890.081373,82,491.893939
1788.916419,108,492.262996
1963.372525,124,492.684822
-650.942873,34,492.802442
2560.210032,132,493.292004
1953.540146,86,493.613701
-557.521162,52,495.940819
-276.638247,44,496.048691
1235.694004,74,496.259563
-822.581612,23,496.325205
-246.294752,71,496.4974
-170.242529,51,496.629356
-720.467874,23,496.683863
1313.394361,100,496.927358
-774.689698,31,497.000903
-195.314434,47,497.123955
1580.950207,74,497.336246
-590.677924,36,497.423729
3043.959469,160,497.825037
1160.773891,89,498.055102
1800.351511,72,498.242289
-171.877226,54,498.392033
-229.634679,74,498.5806
3662.930108,179,499.032626
2065.343268,75,499.887224
-528.114445,85,500.09181
1690.34846,82,500.303837
3020.529944,135,500.662356
-867.902461,34,500.754357
-429.052511,50,500.876379
883.327334,96,501.116201
2610.754077,127,501.461958
1919.156372,108,501.737162
1541.151849,75,503.874066
51.082669,60,504.023268
1280.475025,116,504.368225
1588.689838,61,504.612639
2908.492687,126,505.067184
-651.660328,45,505.230268
2203.575809,82,505.520537
1567.876676,73,505.786662
2113.273621,138,506.271942
1210.544792,43,506.420151
-558.459758,66,506.695762
950.375889,50,506.900661
-18.402653,59,507.120923
2888.439963,137,507.665533
-969.018245,49,507.857002
1970.131868,80,508.904454
2046.332949,104,509.178339
1052.323097,97,509.424203
145.851557,86,509.64499
1972.81711,85,509.860857
2650.548264,165,510.304233
1743.160506,102,510.556813
1522.756576,65,510.720197
3442.98224,142,512.952913
-644.585292,42,513.073389
-550.171202,35,513.158486
-85.314297,71,513.348758
160.435927,62,513.503715
-765.35122,32,513.59143
3026.892123,152,513.966213
3114.589358,154,514.376077
3376.057448,197,514.865419
-633.216589,36,514.963012
-722.72841,49,515.082633
1221.672657,73,515.293047
3480.486662,170,515.718756
2699.495257,150,516.940707
-437.431018,57,517.079396
1523.14637,63,517.263773
-694.910497,35,517.349489
1356.805077,44,517.461557
1574.55338,82,517.662208
2407.843416,167,518.239059
224.094266,87,518.589036
-351.843201,72,518.851737
2897.760726,127,519.285858
3070.739204,186,522.306661
-658.905992,35,522.393631
1217.526326,62,522.544339
2684.489504,148,522.946754
-602.786608,36,523.036031
-484.05336,47,523.148938
3593.350285,136,523.504312
1261.951937,59,523.651887
-855.559663,25,523.731646
-558.653524,40,523.840035
-420.229623,36,523.929915
1638.040694,66,524.096944
3293.193879,153,524.488722
453.723549,79,524.691133
-659.811947,31,524.78289
3230.495407,208,526.019959
1314.220434,82,526.229873
1762.145884,89,526.458169
1823.171408,58,526.609303
3925.614751,162,527.042542
-536.170058,38,527.142228
-611.427672,49,527.266669
101.616996,80,527.480561
1246.709459,90,527.710078
-577.599749,44,527.829315
2706.155888,122,530.071874
-318.699622,59,530.227846
2459.407361,115,530.520281
-786.204254,21,530.573558
1248.959283,53,530.703942
2393.595927,127,531.059146
2382.337733,138,531.575713
1582.946248,145,532.093736
1484.151864,76,532.381979
-740.848519,29,532.479692
-793.116773,33,532.593225
1544.572823,56,532.797009
2186.049241,104,533.17652
936.534973,71,533.499509
2695.429628,121,534.82181
218.300345,95,535.062241
1578.287484,82,535.264904
1063.552443,58,535.437774
2332.212083,114,535.721599
2404.878281,88,535.939313
-415.647989,38,536.041814
954.878935,69,536.211842
1466.307406,64,536.41927
2095.669399,88,536.652029
3205.714498,210,539.138165
-230.646098,55,539.286912
1833.441359,80,539.513836
26.236336,60,539.658723
-19.688403,82,539.86587
1935.157295,67,540.031739
2430.447947,108,540.307469
1947.857622,65,540.477832
3359.942359,168,540.915354
-1002.67647,23,540.980875
-895.346224,20,541.03034
2072.424928,85,541.238508
-697.891397,29,541.323701
715.672205,77,541.512856
2072.258117,77,542.469451
2152.953878,150,542.879322
1313.02184,65,543.046756
1163.754368,64,543.216957
735.871133,82,543.426281
1245.789664,78,543.623621
-472.341981,82,543.852648
2135.842634,95,544.094395
89.225039,72,544.271202
1492.63834,90,544.580109
-865.054476,25,544.671192
-358.378878,51,544.872929
-95.233292,84,545.170316
1438.942596,57,545.375509
2701.685646,176,548.425783
-657.379385,32,548.504447
-393.914797,56,548.645976
-179.067252,86,548.857589
-887.463135,40,548.962059
-523.063822,40,549.078536
3257.749415,166,549.499104
-967.918783,43,549.614427
-714.886898,56,549.753672
-973.289892,58,549.901217
3532.260745,205,550.444631
-476.783767,47,551.442183
-267.739916,53,551.571341
1962.914232,126,551.887488
1355.231797,45,552.001376
276.792381,74,552.205802
3141.141262,147,552.576669
2544.987166,119,552.88584
1526.888519,89,553.112273
1369.162074,116,553.439773
1649.497804,75,553.630703
-300.716941,81,553.84589
1406.482306,96,554.096923
1177.452579,126,556.270254
60.17694,69,556.462372
2491.203103,150,556.843136
-384.7808,67,557.017963
-649.169652,39,557.114918
1054.545219,67,557.297756
1342.518981,72,557.502473
3192.139836,116,557.886309
-447.523754,55,558.101685
-639.226874,49,558.289099
2439.681726,161,560.04045
-184.557027,45,560.208428
0.848873,66,560.462823
-270.516388,48,560.64964
-379.140586,43,560.838397
-549.614788,36,560.980069
1740.927013,62,561.152462
2398.074249,95,561.39779
2910.51911,119,561.697264
1439.026709,52,561.855924
2032.110078,123,562.168862
-806.183558,32,562.245585
1745.785646,120,562.549896
-582.07614,34,562.635697
2565.731807,115,562.942029
171.230005,98,563.194099
1614.041649,54,565.222713
-450.77816,39,565.321093
164.152855,110,565.608827
1890.418095,106,565.874312
2425.628471,122,566.207394
2899.413943,134,566.557924
2222.146187,93,566.828626
1326.81078,77,567.039585
1121.213591,85,567.264252
2699.992147,113,568.264212
3755.564457,175,568.706542
-622.150965,31,568.793563
3144.168328,144,569.171508
2508.999511,158,569.569858
-156.65704,63,569.732534
2970.91034,162,570.166793
2476.563403,138,570.516315
1339.850928,87,570.733618
2611.054545,136,571.130881
1270.27883,73,574.028328
2245.238561,119,574.436355
466.683705,83,574.646953
-490.65564,34,574.739427
43.21348,77,574.935207
3240.448201,138,575.299733
2353.81613,135,575.65451
1975.354495,99,575.903112
-477.375582,40,576.001595
2704.774971,140,577.169897
2307.99356,100,577.427105
1286.57732,65,577.616756
-961.01333,27,577.68427
1315.67943,81,577.89031
-669.303009,43,578.000283
663.7736,65,578.154662
546.926514,79,578.360954
2257.83849,131,578.70324
1915.551372,88,578.927626
1576.980265,90,579.144607
-516.919243,46,579.270672
-969.797831,38,579.363989
-815.901358,30,579.438119
-518.7085,38,579.541067
3740.366273,190,580.03193
1929.12727,77,582.146133
-547.563421,42,582.25903
3344.656406,172,582.707774
2780.510492,104,582.974276
3661.760368,192,583.466422
1794.31026,110,583.761157
1476.074416,51,583.889792
2416.309034,97,585.551004
2723.761184,163,586.132524
2102.936445,90,586.47888
1450.344085,107,586.890204
-3.94091,65,587.152965
270.021392,66,587.427455
1249.875966,97,587.756478
1541.512081,71,587.931976
47.421924,65,588.116697
-854.60863,23,588.178353
-416.478722,40,588.287169
-49.928067,62,588.445894
1262.652679,74,588.634905
1912.328688,124,588.948633
3380.326806,173,589.402095
-852.526355,24,589.469529
1295.719851,73,591.547892
1243.938134,67,591.717537
525.758485,92,591.951643
-777.995769,64,592.114126
-786.768453,34,592.223552
1209.453824,107,592.501176
1305.97851,89,592.722944
3421.647497,141,593.08426
-567.889808,29,593.156281
1531.576507,74,594.197872
1535.433239,103,594.501863
2329.836513,131,594.836847
1177.837842,48,594.972319
1925.836448,83,595.185071
2035.424262,100,595.463381
1330.512975,86,595.690472
3083.978007,137,596.027074
2068.94967,111,596.308954
-434.513827,36,596.416372
1210.387603,51,596.537078
2003.971765,107,596.808387
1907.341369,97,597.054557
3004.117721,163,597.529379
1228.822406,39,600.162655
-287.37505,60,600.423023
2266.494024,114,600.824242
1843.427706,64,600.980178
-809.320412,29,601.060996
1905.185397,110,601.344834
-757.194223,27,601.415718
3719.831492,208,601.961293
-545.247053,60,602.112567
-383.829465,45,603.160662
2168.939066,172,603.603091
1667.702568,61,603.766367
1615.280773,61,603.932257
-789.521746,31,604.010467
3776.814216,170,604.441152
-494.892015,36,604.534949
47.950214,62,604.691128
-675.81309,36,604.780302
3429.636771,179,605.270884
1367.887967,85,605.496346
2459.347193,104,605.764248
-429.973646,36,605.8748
1832.587992,82,606.084799
1291.519828,42,606.19375
1197.783818,127,606.516989
3237.358943,151,608.816952
3344.738506,140,609.183161
2098.502424,123,609.487772
3093.456335,145,609.848028
1054.215881,73,610.045661
2466.901346,111,611.152608
2963.90207,124,611.594351
-789.771645,26,611.689386
-581.831555,44,611.838653
-561.348152,53,612.035932
-295.837099,50,612.234936
1753.974313,79,612.544064
2125.609446,87,612.853613
1294.199149,66,613.122504
-648.66224,38,613.266838
3527.468444,201,614.07072
2848.326499,140,614.441282
2778.977622,156,614.83645
-299.13113,50,614.956965
2786.301881,133,615.290435
2462.778521,121,617.588159
1957.704865,101,617.844004
-1121.994086,53,617.983598
-685.033798,30,618.05964
1415.808898,60,618.217956
2097.484993,87,618.429789
1231.423397,96,618.689605
1464.549188,79,618.892464
1831.883698,99,619.860722
1376.220275,59,620.013393
1509.463999,88,620.242901
1672.552829,92,620.471288
1373.583589,80,620.67871
1992.72959,69,620.866532
1388.508577,116,621.16001
-477.212878,46,621.272125
12.064833,90,621.505222
1737.429552,101,621.776995
2309.141318,137,622.122497
-335.198089,65,622.284596
1381.598464,47,622.398262
2112.174296,106,622.674071
911.351064,98,622.935992
-452.014999,62,623.097254
-445.361683,39,623.192691
3674.282807,201,626.299093
-714.488701,26,626.397557
1766.830047,96,626.75323
1839.144541,91,627.127551
-703.292793,34,627.269949
1258.495802,48,627.387374
2040.554335,94,627.665691
1538.580408,63,627.823797
849.740008,73,628.889999
255.268043,71,629.064532
2284.504899,96,629.331952
-271.828506,48,629.450666
1693.980753,82,629.662934
-488.765658,65,629.834524
1949.410833,92,630.061382
91.415927,67,630.252658
2482.346671,108,630.5279
1610.293532,115,630.824047
2005.804163,96,631.068363
2342.814873,118,631.388337
1312.992125,39,631.492158
3652.37684,192,631.969793
1726.441963,91,632.205579
-649.07211,35,632.309544
1814.203502,79,632.507183
-287.104191,54,634.623306
-136.074329,54,634.766504
2215.437915,90,634.999613
2864.391164,186,635.486666
1769.852019,58,635.640986
3465.037393,166,636.957656
3705.703866,152,637.399372
2646.074408,148,637.974002
-724.73352,47,638.149799
1773.170706,101,638.536744
2048.276857,98,638.910622
231.447786,84,639.202051
2400.611486,128,639.709296
-198.47843,61,639.955332
3752.357359,148,640.526671
-723.959101,29,640.599112
-722.019032,23,640.658469
2203.524658,133,641.01992
1952.481864,111,641.305248
-464.664247,45,641.415899
1898.781836,95,641.657903
-522.540328,38,641.756954
-376.342705,47,641.897335
22835,148,635.766674
-1030.411236,59,636.815795
-290.08841,84,637.030932
-764.034041,29,637.103955
1293.951628,42,637.214102
2131.829272,90,637.564612
2449.316361,116,637.990133
1345.674357,69,638.261961
3249.720264,170,638.898875
-850.265199,36,639.030806
1223.753338,61,639.256796
-567.614612,54,639.465934
1584.748461,72,639.747271
-142.89299,67,640.012241
-572.30714,32,640.127597
-749.712769,35,640.278324
-370.961453,41,640.441568
2981.498759,115,640.787433
1288.526705,50,640.910908
-778.284767,23,640.964932
-795.426497,26,641.036002
1929.394837,111,641.314689
1445.788352,132,641.646779
-614.113515,37,641.744134
962817.03008.761904,145,641.332792.237974,139,641.504559
131
2228.217858,78,641.59063
1981.140543,80,641.810859
